{
  "total_rows": 376,
  "header_rows_count": 11,
  "item_rows_count": 365,
  "entity_type_counts": {
    "BASE": 8,
    "HW": 165,
    "CONFIG": 40,
    "UNKNOWN": 8,
    "NOTE": 8,
    "SOFTWARE": 56,
    "LOGISTIC": 48,
    "SERVICE": 32
  },
  "state_counts": {
    "PRESENT": 234,
    "ABSENT": 107,
    "DISABLED": 24
  },
  "unknown_count": 8,
  "rules_stats": {
    "HEADER-SKIP": 11,
    "BASE-001": 8,
    "HW-003": 27,
    "HW-001": 8,
    "HW-002": 122,
    "CONFIG-001": 40,
    "UNKNOWN-000": 8,
    "NOTE-001": 8,
    "HW-004": 8,
    "SOFTWARE-003": 16,
    "SOFTWARE-001": 16,
    "SOFTWARE-002": 8,
    "SOFTWARE-004": 16,
    "LOGISTIC-001": 48,
    "SERVICE-001": 24,
    "SERVICE-004": 8
  }
}