[
  {
    "source_row_index": 4,
    "row_kind": "HEADER",
    "group_name": "Group 1",
    "group_id": "6489181.1.1",
    "product_name": "PowerEdge R760 - Full Configuration - [EMEA_R760]",
    "module_name": "",
    "option_name": "",
    "option_id": null,
    "skus": [],
    "qty": 0,
    "option_price": 0.0
  },
  {
    "source_row_index": 5,
    "row_kind": "ITEM",
    "group_name": null,
    "group_id": null,
    "product_name": null,
    "module_name": "Base",
    "option_name": "PowerEdge R760 Server",
    "option_id": "GYF30OW",
    "skus": [
      "210-BDZY"
    ],
    "qty": 1,
    "option_price": 4709.0
  },
  {
    "source_row_index": 6,
    "row_kind": "ITEM",
    "group_name": null,
    "group_id": null,
    "product_name": null,
    "module_name": "Trusted Platform Module",
    "option_name": "No Trusted Platform Module",
    "option_id": "GMHJL5Y",
    "skus": [
      "461-AADZ"
    ],
    "qty": 1,
    "option_price": 0.0
  },
  {
    "source_row_index": 7,
    "row_kind": "ITEM",
    "group_name": null,
    "group_id": null,
    "product_name": null,
    "module_name": "Chassis Configuration",
    "option_name": "2.5\" Chassis with 8 Universal Drive Slots (SAS/SATA/NVME), Front PERC 11, 2 CPU",
    "option_id": "G0VGW37",
    "skus": [
      "404-BBFB"
    ],
    "qty": 1,
    "option_price": 547.0
  },
  {
    "source_row_index": 8,
    "row_kind": "ITEM",
    "group_name": null,
    "group_id": null,
    "product_name": null,
    "module_name": "Processor",
    "option_name": "Intel® Xeon® Silver 4410Y 2G, 12C/24T, 16GT/s, 30M Cache, Turbo, HT (150W) DDR5-4000",
    "option_id": "GBDOC9W",
    "skus": [
      "338-CHSG"
    ],
    "qty": 1,
    "option_price": 1196.0
  },
  {
    "source_row_index": 9,
    "row_kind": "ITEM",
    "group_name": null,
    "group_id": null,
    "product_name": null,
    "module_name": "Additional Processor",
    "option_name": "Intel® Xeon® Silver 4410Y 2G, 12C/24T, 16GT/s, 30M Cache, Turbo, HT (150W) DDR5-4000",
    "option_id": "GZC0HYT",
    "skus": [
      "338-CHSG",
      "379-BDCO"
    ],
    "qty": 1,
    "option_price": 1196.01
  },
  {
    "source_row_index": 10,
    "row_kind": "ITEM",
    "group_name": null,
    "group_id": null,
    "product_name": null,
    "module_name": "Additional Processor Features",
    "option_name": "No HBM",
    "option_id": "G68EUO7",
    "skus": [
      "379-BFFD"
    ],
    "qty": 1,
    "option_price": 0.0
  },
  {
    "source_row_index": 11,
    "row_kind": "ITEM",
    "group_name": null,
    "group_id": null,
    "product_name": null,
    "module_name": "Processor Thermal Configuration",
    "option_name": "Heatsink for 2 CPU configuration (CPU greater than 165W)",
    "option_id": "GALJM2W",
    "skus": [
      "412-ABCP"
    ],
    "qty": 1,
    "option_price": 145.0
  },
  {
    "source_row_index": 12,
    "row_kind": "ITEM",
    "group_name": null,
    "group_id": null,
    "product_name": null,
    "module_name": "Memory Configuration Type",
    "option_name": "Performance Optimized",
    "option_id": "GH9QBEI",
    "skus": [
      "370-AAIP"
    ],
    "qty": 1,
    "option_price": 0.0
  },
  {
    "source_row_index": 13,
    "row_kind": "ITEM",
    "group_name": null,
    "group_id": null,
    "product_name": null,
    "module_name": "Memory DIMM Type and Speed",
    "option_name": "5600MT/s RDIMMs",
    "option_id": "GYMX57Q",
    "skus": [
      "370-BBRX"
    ],
    "qty": 1,
    "option_price": 0.0
  },
  {
    "source_row_index": 14,
    "row_kind": "ITEM",
    "group_name": null,
    "group_id": null,
    "product_name": null,
    "module_name": "Memory Capacity",
    "option_name": "16GB RDIMM, 5600MT/s, Single Rank",
    "option_id": "G0FS8TA",
    "skus": [
      "370-BBRQ"
    ],
    "qty": 4,
    "option_price": 3780.0
  },
  {
    "source_row_index": 15,
    "row_kind": "ITEM",
    "group_name": null,
    "group_id": null,
    "product_name": null,
    "module_name": "RAID Configuration",
    "option_name": "C7, Unconfigured RAID for HDDs or SSDs (Mixed Drive Types Allowed)",
    "option_id": "GJ45ICY",
    "skus": [
      "780-BCDS"
    ],
    "qty": 1,
    "option_price": 0.0
  },
  {
    "source_row_index": 16,
    "row_kind": "ITEM",
    "group_name": null,
    "group_id": null,
    "product_name": null,
    "module_name": "RAID/Internal Storage Controllers",
    "option_name": "PERC H755 with rear load Brackets",
    "option_id": "GP6SZU4",
    "skus": [
      "405-AAZB",
      "750-ADWP"
    ],
    "qty": 1,
    "option_price": 1620.01
  },
  {
    "source_row_index": 17,
    "row_kind": "ITEM",
    "group_name": null,
    "group_id": null,
    "product_name": null,
    "module_name": "Hard Drives",
    "option_name": "960GB SSD SATA Read Intensive 6Gbps 512e 2.5in Hot-plug AG Drive, 1 DWPD",
    "option_id": "GA16FX3",
    "skus": [
      "400-AXSW"
    ],
    "qty": 2,
    "option_price": 3850.0
  },
  {
    "source_row_index": 18,
    "row_kind": "ITEM",
    "group_name": null,
    "group_id": null,
    "product_name": null,
    "module_name": "BIOS and Advanced System Configuration Settings",
    "option_name": "Power Saving BIOS Setting",
    "option_id": "GEARJ9V",
    "skus": [
      "384-BBBH"
    ],
    "qty": 1,
    "option_price": 0.0
  },
  {
    "source_row_index": 19,
    "row_kind": "ITEM",
    "group_name": null,
    "group_id": null,
    "product_name": null,
    "module_name": "Advanced System Configurations",
    "option_name": "UEFI BIOS Boot Mode with GPT Partition",
    "option_id": "GSFTG4Y",
    "skus": [
      "800-BBDM"
    ],
    "qty": 1,
    "option_price": 0.0
  },
  {
    "source_row_index": 20,
    "row_kind": "ITEM",
    "group_name": null,
    "group_id": null,
    "product_name": null,
    "module_name": "Fans",
    "option_name": "High Performance Fan x6",
    "option_id": "GPQCUA8",
    "skus": [
      "750-ADRE"
    ],
    "qty": 1,
    "option_price": 248.0
  },
  {
    "source_row_index": 21,
    "row_kind": "ITEM",
    "group_name": null,
    "group_id": null,
    "product_name": null,
    "module_name": "Power Supply",
    "option_name": "Dual, Hot-Plug,Power Supply Fault Tolerant Redundant (1+1), 800W, Mixed Mode",
    "option_id": "G4JIDT2",
    "skus": [
      "450-AJEX"
    ],
    "qty": 1,
    "option_price": 807.0
  },
  {
    "source_row_index": 22,
    "row_kind": "ITEM",
    "group_name": null,
    "group_id": null,
    "product_name": null,
    "module_name": "Power Cords",
    "option_name": "Jumper Cord - C13/C14, 0,6M, 250V, 10A (US,EUR)",
    "option_id": "GAFW32P",
    "skus": [
      "450-AADX"
    ],
    "qty": 2,
    "option_price": 40.0
  },
  {
    "source_row_index": 23,
    "row_kind": "ITEM",
    "group_name": null,
    "group_id": null,
    "product_name": null,
    "module_name": "PCIe Riser",
    "option_name": "Riser Config 1, 6x8 FH Slots (Gen4), 2x16 LP Slots (Gen4)",
    "option_id": "G0WKPNM",
    "skus": [
      "330-BBYK"
    ],
    "qty": 1,
    "option_price": 687.0
  },
  {
    "source_row_index": 24,
    "row_kind": "ITEM",
    "group_name": null,
    "group_id": null,
    "product_name": null,
    "module_name": "Motherboard",
    "option_name": "Motherboard supports ONLY CPUs below 250W (cannot upgrade to CPUs 250W and above), MLK",
    "option_id": "G0SVKNR",
    "skus": [
      "329-BKCJ"
    ],
    "qty": 1,
    "option_price": 0.0
  },
  {
    "source_row_index": 25,
    "row_kind": "ITEM",
    "group_name": null,
    "group_id": null,
    "product_name": null,
    "module_name": "OCP 3.0 Network Adapters",
    "option_name": "Broadcom 57414 Dual Port 10/25GbE SFP28, OCP NIC 3.0",
    "option_id": "G63VWGR",
    "skus": [
      "540-BCOC"
    ],
    "qty": 1,
    "option_price": 602.0
  },
  {
    "source_row_index": 26,
    "row_kind": "ITEM",
    "group_name": null,
    "group_id": null,
    "product_name": null,
    "module_name": "Additional Network Cards",
    "option_name": "Broadcom 5720 Dual Port 1GbE LOM",
    "option_id": "GY8XSA9",
    "skus": [
      "540-BDKD"
    ],
    "qty": 1,
    "option_price": 0.0
  },
  {
    "source_row_index": 27,
    "row_kind": "ITEM",
    "group_name": null,
    "group_id": null,
    "product_name": null,
    "module_name": "GPU/FPGA/Acceleration Cables",
    "option_name": "No Cables Required, No GPU Blanks",
    "option_id": "G0PNZWL",
    "skus": [
      "470-AEYU"
    ],
    "qty": 1,
    "option_price": 0.0
  },
  {
    "source_row_index": 28,
    "row_kind": "ITEM",
    "group_name": null,
    "group_id": null,
    "product_name": null,
    "module_name": "Cables",
    "option_name": "No DPUs Cable Required, No DPU",
    "option_id": "GV6CUGB",
    "skus": [
      "470-AEYU"
    ],
    "qty": 1,
    "option_price": 0.0
  },
  {
    "source_row_index": 29,
    "row_kind": "ITEM",
    "group_name": null,
    "group_id": null,
    "product_name": null,
    "module_name": "Bezel",
    "option_name": "PowerEdge 2U Standard Bezel",
    "option_id": "GWF2PBH",
    "skus": [
      "321-BHMY",
      "325-BEVI"
    ],
    "qty": 1,
    "option_price": 25.01
  },
  {
    "source_row_index": 30,
    "row_kind": "ITEM",
    "group_name": null,
    "group_id": null,
    "product_name": null,
    "module_name": "Boot Optimized Storage Cards",
    "option_name": "BOSS-N1 controller card +  with 2 M.2 480GB (RAID 1)",
    "option_id": "G937ZBP",
    "skus": [
      "403-BCRU",
      "470-AFMF"
    ],
    "qty": 1,
    "option_price": 2958.0
  },
  {
    "source_row_index": 31,
    "row_kind": "ITEM",
    "group_name": null,
    "group_id": null,
    "product_name": null,
    "module_name": "Operating System",
    "option_name": "No Operating System",
    "option_id": "G78MU35",
    "skus": [
      "611-BBBF"
    ],
    "qty": 1,
    "option_price": 0.0
  },
  {
    "source_row_index": 32,
    "row_kind": "ITEM",
    "group_name": null,
    "group_id": null,
    "product_name": null,
    "module_name": "OS Media Kits",
    "option_name": "No Media Required",
    "option_id": "GKH7AZI",
    "skus": [
      "605-BBFN"
    ],
    "qty": 1,
    "option_price": 0.0
  },
  {
    "source_row_index": 33,
    "row_kind": "ITEM",
    "group_name": null,
    "group_id": null,
    "product_name": null,
    "module_name": "Embedded Systems Management",
    "option_name": "iDRAC9, Enterprise 16G",
    "option_id": "G16CQF5",
    "skus": [
      "528-CTIC"
    ],
    "qty": 1,
    "option_price": 796.0
  },
  {
    "source_row_index": 34,
    "row_kind": "ITEM",
    "group_name": null,
    "group_id": null,
    "product_name": null,
    "module_name": "Embedded Systems Management",
    "option_name": "Dell Connectivity Client - Disabled",
    "option_id": "G65AWE1",
    "skus": [
      "379-BFXT",
      "634-CYDF"
    ],
    "qty": 1,
    "option_price": 0.0
  },
  {
    "source_row_index": 35,
    "row_kind": "ITEM",
    "group_name": null,
    "group_id": null,
    "product_name": null,
    "module_name": "Dell Secure Onboarding",
    "option_name": "Dell Secure Onboarding Client Disabled",
    "option_id": "GMC3F6E",
    "skus": [
      "634-CZRQ"
    ],
    "qty": 1,
    "option_price": 0.0
  },
  {
    "source_row_index": 36,
    "row_kind": "ITEM",
    "group_name": null,
    "group_id": null,
    "product_name": null,
    "module_name": "Quick Sync",
    "option_name": "No Quick Sync",
    "option_id": "GCLNJM4",
    "skus": [
      "350-BBYX"
    ],
    "qty": 1,
    "option_price": 0.0
  },
  {
    "source_row_index": 37,
    "row_kind": "ITEM",
    "group_name": null,
    "group_id": null,
    "product_name": null,
    "module_name": "Password",
    "option_name": "iDRAC,Legacy Password",
    "option_id": "GDOHU23",
    "skus": [
      "379-BCSG"
    ],
    "qty": 1,
    "option_price": 0.0
  },
  {
    "source_row_index": 38,
    "row_kind": "ITEM",
    "group_name": null,
    "group_id": null,
    "product_name": null,
    "module_name": "Group Manager",
    "option_name": "iDRAC Group Manager, Disabled",
    "option_id": "GTVA94K",
    "skus": [
      "379-BCQY"
    ],
    "qty": 1,
    "option_price": 0.0
  },
  {
    "source_row_index": 39,
    "row_kind": "ITEM",
    "group_name": null,
    "group_id": null,
    "product_name": null,
    "module_name": "Rack Rails",
    "option_name": "ReadyRails Sliding Rails Without Cable Management Arm",
    "option_id": "GG493AN",
    "skus": [
      "770-BDZP"
    ],
    "qty": 1,
    "option_price": 124.0
  },
  {
    "source_row_index": 40,
    "row_kind": "ITEM",
    "group_name": null,
    "group_id": null,
    "product_name": null,
    "module_name": "Server Accessories",
    "option_name": "Fan Foam, HDD 2U",
    "option_id": "GVYJO5Z",
    "skus": [
      "750-ACOM"
    ],
    "qty": 1,
    "option_price": 0.0
  },
  {
    "source_row_index": 41,
    "row_kind": "ITEM",
    "group_name": null,
    "group_id": null,
    "product_name": null,
    "module_name": "System Documentation",
    "option_name": "No Systems Documentation, No OpenManage DVD Kit",
    "option_id": "GVRYSM7",
    "skus": [
      "631-AACK"
    ],
    "qty": 1,
    "option_price": 0.0
  },
  {
    "source_row_index": 42,
    "row_kind": "ITEM",
    "group_name": null,
    "group_id": null,
    "product_name": null,
    "module_name": "Shipping",
    "option_name": "PowerEdge R760 Shipping EMEA1 (English/French/German/Spanish/Russian/Hebrew)",
    "option_id": "GK1BRQ7",
    "skus": [
      "340-DKCH"
    ],
    "qty": 1,
    "option_price": 0.0
  },
  {
    "source_row_index": 43,
    "row_kind": "ITEM",
    "group_name": null,
    "group_id": null,
    "product_name": null,
    "module_name": "Shipping Material",
    "option_name": "PowerEdge R760 Shipping Material",
    "option_id": "G6RFPIW",
    "skus": [
      "340-DJQY"
    ],
    "qty": 1,
    "option_price": 75.0
  },
  {
    "source_row_index": 44,
    "row_kind": "ITEM",
    "group_name": null,
    "group_id": null,
    "product_name": null,
    "module_name": "Regulatory",
    "option_name": "PowerEdge R760 CCC Marking, No CE and No BIS Marking",
    "option_id": "GV935DZ",
    "skus": [
      "343-BBST"
    ],
    "qty": 1,
    "option_price": 0.0
  },
  {
    "source_row_index": 45,
    "row_kind": "ITEM",
    "group_name": null,
    "group_id": null,
    "product_name": null,
    "module_name": "ECCN",
    "option_name": "Decline Selection",
    "option_id": "GRO1P6G",
    "skus": [
      "817-BBBP"
    ],
    "qty": 1,
    "option_price": 0.0
  },
  {
    "source_row_index": 46,
    "row_kind": "ITEM",
    "group_name": null,
    "group_id": null,
    "product_name": null,
    "module_name": "Dell Services: Hardware Support",
    "option_name": "Parts Only Warranty 12Months, 12 Month(s)",
    "option_id": "GH6SA5P",
    "skus": [
      "709-BBIY"
    ],
    "qty": 1,
    "option_price": 0.01
  },
  {
    "source_row_index": 47,
    "row_kind": "ITEM",
    "group_name": null,
    "group_id": null,
    "product_name": null,
    "module_name": "Dell Services:Extended Service",
    "option_name": "ProSupport and Next Business Day Onsite Service, 12 Month(s)",
    "option_id": "G4ASPON",
    "skus": [
      "865-BBLM"
    ],
    "qty": 1,
    "option_price": 617.89
  },
  {
    "source_row_index": 48,
    "row_kind": "ITEM",
    "group_name": null,
    "group_id": null,
    "product_name": null,
    "module_name": "Infrastructure Deployment Svcs",
    "option_name": "No Field Deployment  Customer Install Required",
    "option_id": "GMZGA07",
    "skus": [
      "883-BBFN"
    ],
    "qty": 1,
    "option_price": 0.0
  },
  {
    "source_row_index": 49,
    "row_kind": "ITEM",
    "group_name": null,
    "group_id": null,
    "product_name": null,
    "module_name": "Shipping Box Labels - Standard",
    "option_name": "Order Configuration Shipbox Label (Ship Date, Model, Processor Speed, HDD Size, RAM)",
    "option_id": "GDZ0XTY",
    "skus": [
      "293-10049"
    ],
    "qty": 1,
    "option_price": 18.0
  },
  {
    "source_row_index": 50,
    "row_kind": "ITEM",
    "group_name": null,
    "group_id": null,
    "product_name": null,
    "module_name": "Anti Theft Device & Asset Tagging",
    "option_name": "Asset Tag - ProSupport (Website, barcode, Onboard MacAddress)",
    "option_id": "G2K1LTI",
    "skus": [
      "293-10025"
    ],
    "qty": 1,
    "option_price": 20.0
  },
  {
    "source_row_index": 51,
    "row_kind": "HEADER",
    "group_name": "Group 1",
    "group_id": "6489181.1.1",
    "product_name": "480GB SSD SATA Mixed Use 6Gbps 512e 2.5in Hot-Plug, CUS Kit - [GFQL8C5]",
    "module_name": "",
    "option_name": "",
    "option_id": null,
    "skus": [],
    "qty": 0,
    "option_price": 0.0
  },
  {
    "source_row_index": 52,
    "row_kind": "ITEM",
    "group_name": null,
    "group_id": null,
    "product_name": null,
    "module_name": "",
    "option_name": "480GB SSD SATA Mixed Use 6Gbps 512e 2.5in Hot-Plug, CUS Kit",
    "option_id": "GFQL8C5",
    "skus": [
      "345-BDPH"
    ],
    "qty": 1,
    "option_price": 1456.99
  },
  {
    "source_row_index": 53,
    "row_kind": "HEADER",
    "group_name": "Group 1",
    "group_id": "6489181.1.1",
    "product_name": "Single, Hot-Plug MHS Power Supply, 800W,Customer Kit - [GWSP6EN]",
    "module_name": "",
    "option_name": "",
    "option_id": null,
    "skus": [],
    "qty": 0,
    "option_price": 0.0
  },
  {
    "source_row_index": 54,
    "row_kind": "ITEM",
    "group_name": null,
    "group_id": null,
    "product_name": null,
    "module_name": "",
    "option_name": "Single, Hot-Plug MHS Power Supply, 800W,Customer Kit",
    "option_id": "GWSP6EN",
    "skus": [
      "384-BDQX"
    ],
    "qty": 1,
    "option_price": 587.99
  },
  {
    "source_row_index": 55,
    "row_kind": "HEADER",
    "group_name": "Group 1",
    "group_id": "6489181.1.1",
    "product_name": "Intel E810-XXV 25GbE SFP28 Dual Port PCIe Low Profile Customer Kit - [G3VGUFK]",
    "module_name": "",
    "option_name": "",
    "option_id": null,
    "skus": [],
    "qty": 0,
    "option_price": 0.0
  },
  {
    "source_row_index": 56,
    "row_kind": "ITEM",
    "group_name": null,
    "group_id": null,
    "product_name": null,
    "module_name": "",
    "option_name": "Intel E810-XXV 25GbE SFP28 Dual Port PCIe Low Profile Customer Kit",
    "option_id": "G3VGUFK",
    "skus": [
      "540-BCXX"
    ],
    "qty": 1,
    "option_price": 704.99
  },
  {
    "source_row_index": 57,
    "row_kind": "HEADER",
    "group_name": null,
    "group_id": null,
    "product_name": null,
    "module_name": "",
    "option_name": "",
    "option_id": null,
    "skus": [],
    "qty": 0,
    "option_price": 0.0
  },
  {
    "source_row_index": 58,
    "row_kind": "HEADER",
    "group_name": null,
    "group_id": null,
    "product_name": null,
    "module_name": "",
    "option_name": "",
    "option_id": null,
    "skus": [],
    "qty": 0,
    "option_price": 0.0
  },
  {
    "source_row_index": 59,
    "row_kind": "HEADER",
    "group_name": null,
    "group_id": null,
    "product_name": null,
    "module_name": "",
    "option_name": "",
    "option_id": null,
    "skus": [],
    "qty": 0,
    "option_price": 0.0
  }
]