{
  "total_rows": 56,
  "header_rows_count": 7,
  "item_rows_count": 49,
  "entity_type_counts": {
    "BASE": 1,
    "HW": 21,
    "CONFIG": 5,
    "UNKNOWN": 4,
    "NOTE": 1,
    "SOFTWARE": 7,
    "LOGISTIC": 6,
    "SERVICE": 4
  },
  "state_counts": {
    "PRESENT": 36,
    "ABSENT": 10,
    "DISABLED": 3
  },
  "unknown_count": 4,
  "rules_stats": {
    "HEADER-SKIP": 7,
    "BASE-001": 1,
    "HW-003": 4,
    "HW-001": 1,
    "HW-002": 15,
    "CONFIG-001": 5,
    "UNKNOWN-000": 4,
    "NOTE-001": 1,
    "HW-004": 1,
    "SOFTWARE-003": 2,
    "SOFTWARE-001": 2,
    "SOFTWARE-002": 1,
    "SOFTWARE-004": 2,
    "LOGISTIC-001": 6,
    "SERVICE-001": 3,
    "SERVICE-004": 1
  }
}