{
  "total_rows": 376,
  "header_rows_count": 11,
  "item_rows_count": 365,
  "entity_type_counts": {
    "BASE": 8,
    "HW": 157,
    "CONFIG": 48,
    "LOGISTIC": 56,
    "NOTE": 8,
    "SOFTWARE": 56,
    "SERVICE": 32
  },
  "state_counts": {
    "PRESENT": 234,
    "ABSENT": 107,
    "DISABLED": 24
  },
  "unknown_count": 0,
  "rules_stats": {
    "HEADER-SKIP": 11,
    "BASE-001": 8,
    "HW-003": 27,
    "HW-001": 8,
    "HW-002": 122,
    "CONFIG-001": 40,
    "LOGISTIC-004-CORD": 8,
    "NOTE-001": 8,
    "CONFIG-NOBOSS-001": 8,
    "SOFTWARE-003": 16,
    "SOFTWARE-001": 16,
    "SOFTWARE-002": 8,
    "SOFTWARE-004": 16,
    "LOGISTIC-001": 48,
    "SERVICE-001": 24,
    "SERVICE-004": 8
  },
  "device_type_counts": {
    "raid_controller": 8,
    "power_cord": 8
  },
  "hw_type_counts": {
    "tpm": 8,
    "chassis": 16,
    "cpu": 32,
    "ram": 8,
    "storage_controller": 8,
    "ssd": 18,
    "fan": 8,
    "psu": 8,
    "riser": 8,
    "blank": 8,
    "network_adapter": 8,
    "cable": 8,
    "management": 8,
    "mounting_kit": 8,
    "gpu": 3
  },
  "hw_type_null_count": 0,
  "rules_file_hash": "b76261efc71a48d6669bceacf784095824504e948de8f30756b43561fd75e032"
}