[
  {
    "Group Name": "Group 1",
    "Group ID": "6489181.1.1",
    "Product Name": "PowerEdge R760 - Full Configuration - [EMEA_R760] ",
    "Product Qty": 1.0,
    "Unit Price (List)": 24060.93,
    "Extended Price (List)": 24060.93,
    "Module Name": NaN,
    "Option ID": NaN,
    "Option Name": NaN,
    "Option List Price": NaN,
    "SKUs": NaN,
    "Qty": NaN,
    "Parent Order Code": NaN,
    "__row_index__": 4
  },
  {
    "Group Name": NaN,
    "Group ID": NaN,
    "Product Name": NaN,
    "Product Qty": NaN,
    "Unit Price (List)": NaN,
    "Extended Price (List)": NaN,
    "Module Name": "Base",
    "Option ID": "GYF30OW",
    "Option Name": "PowerEdge R760 Server",
    "Option List Price": 4709.0,
    "SKUs": "210-BDZY",
    "Qty": 1.0,
    "Parent Order Code": NaN,
    "__row_index__": 5
  },
  {
    "Group Name": NaN,
    "Group ID": NaN,
    "Product Name": NaN,
    "Product Qty": NaN,
    "Unit Price (List)": NaN,
    "Extended Price (List)": NaN,
    "Module Name": "Trusted Platform Module",
    "Option ID": "GMHJL5Y",
    "Option Name": "No Trusted Platform Module",
    "Option List Price": 0.0,
    "SKUs": "461-AADZ",
    "Qty": 1.0,
    "Parent Order Code": NaN,
    "__row_index__": 6
  },
  {
    "Group Name": NaN,
    "Group ID": NaN,
    "Product Name": NaN,
    "Product Qty": NaN,
    "Unit Price (List)": NaN,
    "Extended Price (List)": NaN,
    "Module Name": "Chassis Configuration",
    "Option ID": "G0VGW37",
    "Option Name": "2.5\" Chassis with 8 Universal Drive Slots (SAS/SATA/NVME), Front PERC 11, 2 CPU",
    "Option List Price": 547.0,
    "SKUs": "404-BBFB",
    "Qty": 1.0,
    "Parent Order Code": NaN,
    "__row_index__": 7
  },
  {
    "Group Name": NaN,
    "Group ID": NaN,
    "Product Name": NaN,
    "Product Qty": NaN,
    "Unit Price (List)": NaN,
    "Extended Price (List)": NaN,
    "Module Name": "Processor",
    "Option ID": "GBDOC9W",
    "Option Name": "Intel® Xeon® Silver 4410Y 2G, 12C/24T, 16GT/s, 30M Cache, Turbo, HT (150W) DDR5-4000",
    "Option List Price": 1196.0,
    "SKUs": "338-CHSG",
    "Qty": 1.0,
    "Parent Order Code": NaN,
    "__row_index__": 8
  },
  {
    "Group Name": NaN,
    "Group ID": NaN,
    "Product Name": NaN,
    "Product Qty": NaN,
    "Unit Price (List)": NaN,
    "Extended Price (List)": NaN,
    "Module Name": "Additional Processor",
    "Option ID": "GZC0HYT",
    "Option Name": "Intel® Xeon® Silver 4410Y 2G, 12C/24T, 16GT/s, 30M Cache, Turbo, HT (150W) DDR5-4000",
    "Option List Price": 1196.01,
    "SKUs": "338-CHSG, 379-BDCO",
    "Qty": 1.0,
    "Parent Order Code": NaN,
    "__row_index__": 9
  },
  {
    "Group Name": NaN,
    "Group ID": NaN,
    "Product Name": NaN,
    "Product Qty": NaN,
    "Unit Price (List)": NaN,
    "Extended Price (List)": NaN,
    "Module Name": "Additional Processor Features",
    "Option ID": "G68EUO7",
    "Option Name": "No HBM",
    "Option List Price": 0.0,
    "SKUs": "379-BFFD",
    "Qty": 1.0,
    "Parent Order Code": NaN,
    "__row_index__": 10
  },
  {
    "Group Name": NaN,
    "Group ID": NaN,
    "Product Name": NaN,
    "Product Qty": NaN,
    "Unit Price (List)": NaN,
    "Extended Price (List)": NaN,
    "Module Name": "Processor Thermal Configuration",
    "Option ID": "GALJM2W",
    "Option Name": "Heatsink for 2 CPU configuration (CPU greater than 165W)",
    "Option List Price": 145.0,
    "SKUs": "412-ABCP",
    "Qty": 1.0,
    "Parent Order Code": NaN,
    "__row_index__": 11
  },
  {
    "Group Name": NaN,
    "Group ID": NaN,
    "Product Name": NaN,
    "Product Qty": NaN,
    "Unit Price (List)": NaN,
    "Extended Price (List)": NaN,
    "Module Name": "Memory Configuration Type",
    "Option ID": "GH9QBEI",
    "Option Name": "Performance Optimized",
    "Option List Price": 0.0,
    "SKUs": "370-AAIP",
    "Qty": 1.0,
    "Parent Order Code": NaN,
    "__row_index__": 12
  },
  {
    "Group Name": NaN,
    "Group ID": NaN,
    "Product Name": NaN,
    "Product Qty": NaN,
    "Unit Price (List)": NaN,
    "Extended Price (List)": NaN,
    "Module Name": "Memory DIMM Type and Speed",
    "Option ID": "GYMX57Q",
    "Option Name": "5600MT/s RDIMMs",
    "Option List Price": 0.0,
    "SKUs": "370-BBRX",
    "Qty": 1.0,
    "Parent Order Code": NaN,
    "__row_index__": 13
  },
  {
    "Group Name": NaN,
    "Group ID": NaN,
    "Product Name": NaN,
    "Product Qty": NaN,
    "Unit Price (List)": NaN,
    "Extended Price (List)": NaN,
    "Module Name": "Memory Capacity",
    "Option ID": "G0FS8TA",
    "Option Name": "16GB RDIMM, 5600MT/s, Single Rank",
    "Option List Price": 3780.0,
    "SKUs": "370-BBRQ",
    "Qty": 4.0,
    "Parent Order Code": NaN,
    "__row_index__": 14
  },
  {
    "Group Name": NaN,
    "Group ID": NaN,
    "Product Name": NaN,
    "Product Qty": NaN,
    "Unit Price (List)": NaN,
    "Extended Price (List)": NaN,
    "Module Name": "RAID Configuration",
    "Option ID": "GJ45ICY",
    "Option Name": "C7, Unconfigured RAID for HDDs or SSDs (Mixed Drive Types Allowed)",
    "Option List Price": 0.0,
    "SKUs": "780-BCDS",
    "Qty": 1.0,
    "Parent Order Code": NaN,
    "__row_index__": 15
  },
  {
    "Group Name": NaN,
    "Group ID": NaN,
    "Product Name": NaN,
    "Product Qty": NaN,
    "Unit Price (List)": NaN,
    "Extended Price (List)": NaN,
    "Module Name": "RAID/Internal Storage Controllers",
    "Option ID": "GP6SZU4",
    "Option Name": "PERC H755 with rear load Brackets",
    "Option List Price": 1620.01,
    "SKUs": "405-AAZB, 750-ADWP",
    "Qty": 1.0,
    "Parent Order Code": NaN,
    "__row_index__": 16
  },
  {
    "Group Name": NaN,
    "Group ID": NaN,
    "Product Name": NaN,
    "Product Qty": NaN,
    "Unit Price (List)": NaN,
    "Extended Price (List)": NaN,
    "Module Name": "Hard Drives",
    "Option ID": "GA16FX3",
    "Option Name": "960GB SSD SATA Read Intensive 6Gbps 512e 2.5in Hot-plug AG Drive, 1 DWPD",
    "Option List Price": 3850.0,
    "SKUs": "400-AXSW",
    "Qty": 2.0,
    "Parent Order Code": NaN,
    "__row_index__": 17
  },
  {
    "Group Name": NaN,
    "Group ID": NaN,
    "Product Name": NaN,
    "Product Qty": NaN,
    "Unit Price (List)": NaN,
    "Extended Price (List)": NaN,
    "Module Name": "BIOS and Advanced System Configuration Settings",
    "Option ID": "GEARJ9V",
    "Option Name": "Power Saving BIOS Setting",
    "Option List Price": 0.0,
    "SKUs": "384-BBBH",
    "Qty": 1.0,
    "Parent Order Code": NaN,
    "__row_index__": 18
  },
  {
    "Group Name": NaN,
    "Group ID": NaN,
    "Product Name": NaN,
    "Product Qty": NaN,
    "Unit Price (List)": NaN,
    "Extended Price (List)": NaN,
    "Module Name": "Advanced System Configurations",
    "Option ID": "GSFTG4Y",
    "Option Name": "UEFI BIOS Boot Mode with GPT Partition",
    "Option List Price": 0.0,
    "SKUs": "800-BBDM",
    "Qty": 1.0,
    "Parent Order Code": NaN,
    "__row_index__": 19
  },
  {
    "Group Name": NaN,
    "Group ID": NaN,
    "Product Name": NaN,
    "Product Qty": NaN,
    "Unit Price (List)": NaN,
    "Extended Price (List)": NaN,
    "Module Name": "Fans",
    "Option ID": "GPQCUA8",
    "Option Name": "High Performance Fan x6",
    "Option List Price": 248.0,
    "SKUs": "750-ADRE",
    "Qty": 1.0,
    "Parent Order Code": NaN,
    "__row_index__": 20
  },
  {
    "Group Name": NaN,
    "Group ID": NaN,
    "Product Name": NaN,
    "Product Qty": NaN,
    "Unit Price (List)": NaN,
    "Extended Price (List)": NaN,
    "Module Name": "Power Supply",
    "Option ID": "G4JIDT2",
    "Option Name": "Dual, Hot-Plug,Power Supply Fault Tolerant Redundant (1+1), 800W, Mixed Mode",
    "Option List Price": 807.0,
    "SKUs": "450-AJEX",
    "Qty": 1.0,
    "Parent Order Code": NaN,
    "__row_index__": 21
  },
  {
    "Group Name": NaN,
    "Group ID": NaN,
    "Product Name": NaN,
    "Product Qty": NaN,
    "Unit Price (List)": NaN,
    "Extended Price (List)": NaN,
    "Module Name": "Power Cords",
    "Option ID": "GAFW32P",
    "Option Name": "Jumper Cord - C13/C14, 0,6M, 250V, 10A (US,EUR)",
    "Option List Price": 40.0,
    "SKUs": "450-AADX",
    "Qty": 2.0,
    "Parent Order Code": NaN,
    "__row_index__": 22
  },
  {
    "Group Name": NaN,
    "Group ID": NaN,
    "Product Name": NaN,
    "Product Qty": NaN,
    "Unit Price (List)": NaN,
    "Extended Price (List)": NaN,
    "Module Name": "PCIe Riser",
    "Option ID": "G0WKPNM",
    "Option Name": "Riser Config 1, 6x8 FH Slots (Gen4), 2x16 LP Slots (Gen4)",
    "Option List Price": 687.0,
    "SKUs": "330-BBYK",
    "Qty": 1.0,
    "Parent Order Code": NaN,
    "__row_index__": 23
  },
  {
    "Group Name": NaN,
    "Group ID": NaN,
    "Product Name": NaN,
    "Product Qty": NaN,
    "Unit Price (List)": NaN,
    "Extended Price (List)": NaN,
    "Module Name": "Motherboard",
    "Option ID": "G0SVKNR",
    "Option Name": "Motherboard supports ONLY CPUs below 250W (cannot upgrade to CPUs 250W and above), MLK",
    "Option List Price": 0.0,
    "SKUs": "329-BKCJ",
    "Qty": 1.0,
    "Parent Order Code": NaN,
    "__row_index__": 24
  },
  {
    "Group Name": NaN,
    "Group ID": NaN,
    "Product Name": NaN,
    "Product Qty": NaN,
    "Unit Price (List)": NaN,
    "Extended Price (List)": NaN,
    "Module Name": "OCP 3.0 Network Adapters",
    "Option ID": "G63VWGR",
    "Option Name": "Broadcom 57414 Dual Port 10/25GbE SFP28, OCP NIC 3.0",
    "Option List Price": 602.0,
    "SKUs": "540-BCOC",
    "Qty": 1.0,
    "Parent Order Code": NaN,
    "__row_index__": 25
  },
  {
    "Group Name": NaN,
    "Group ID": NaN,
    "Product Name": NaN,
    "Product Qty": NaN,
    "Unit Price (List)": NaN,
    "Extended Price (List)": NaN,
    "Module Name": "Additional Network Cards",
    "Option ID": "GY8XSA9",
    "Option Name": "Broadcom 5720 Dual Port 1GbE LOM",
    "Option List Price": 0.0,
    "SKUs": "540-BDKD",
    "Qty": 1.0,
    "Parent Order Code": NaN,
    "__row_index__": 26
  },
  {
    "Group Name": NaN,
    "Group ID": NaN,
    "Product Name": NaN,
    "Product Qty": NaN,
    "Unit Price (List)": NaN,
    "Extended Price (List)": NaN,
    "Module Name": "GPU/FPGA/Acceleration Cables",
    "Option ID": "G0PNZWL",
    "Option Name": "No Cables Required, No GPU Blanks",
    "Option List Price": 0.0,
    "SKUs": "470-AEYU",
    "Qty": 1.0,
    "Parent Order Code": NaN,
    "__row_index__": 27
  },
  {
    "Group Name": NaN,
    "Group ID": NaN,
    "Product Name": NaN,
    "Product Qty": NaN,
    "Unit Price (List)": NaN,
    "Extended Price (List)": NaN,
    "Module Name": "Cables",
    "Option ID": "GV6CUGB",
    "Option Name": "No DPUs Cable Required, No DPU",
    "Option List Price": 0.0,
    "SKUs": "470-AEYU",
    "Qty": 1.0,
    "Parent Order Code": NaN,
    "__row_index__": 28
  },
  {
    "Group Name": NaN,
    "Group ID": NaN,
    "Product Name": NaN,
    "Product Qty": NaN,
    "Unit Price (List)": NaN,
    "Extended Price (List)": NaN,
    "Module Name": "Bezel",
    "Option ID": "GWF2PBH",
    "Option Name": "PowerEdge 2U Standard Bezel",
    "Option List Price": 25.01,
    "SKUs": "321-BHMY, 325-BEVI",
    "Qty": 1.0,
    "Parent Order Code": NaN,
    "__row_index__": 29
  },
  {
    "Group Name": NaN,
    "Group ID": NaN,
    "Product Name": NaN,
    "Product Qty": NaN,
    "Unit Price (List)": NaN,
    "Extended Price (List)": NaN,
    "Module Name": "Boot Optimized Storage Cards",
    "Option ID": "G937ZBP",
    "Option Name": "BOSS-N1 controller card +  with 2 M.2 480GB (RAID 1)",
    "Option List Price": 2958.0,
    "SKUs": "403-BCRU, 470-AFMF",
    "Qty": 1.0,
    "Parent Order Code": NaN,
    "__row_index__": 30
  },
  {
    "Group Name": NaN,
    "Group ID": NaN,
    "Product Name": NaN,
    "Product Qty": NaN,
    "Unit Price (List)": NaN,
    "Extended Price (List)": NaN,
    "Module Name": "Operating System",
    "Option ID": "G78MU35",
    "Option Name": "No Operating System",
    "Option List Price": 0.0,
    "SKUs": "611-BBBF",
    "Qty": 1.0,
    "Parent Order Code": NaN,
    "__row_index__": 31
  },
  {
    "Group Name": NaN,
    "Group ID": NaN,
    "Product Name": NaN,
    "Product Qty": NaN,
    "Unit Price (List)": NaN,
    "Extended Price (List)": NaN,
    "Module Name": "OS Media Kits",
    "Option ID": "GKH7AZI",
    "Option Name": "No Media Required",
    "Option List Price": 0.0,
    "SKUs": "605-BBFN",
    "Qty": 1.0,
    "Parent Order Code": NaN,
    "__row_index__": 32
  },
  {
    "Group Name": NaN,
    "Group ID": NaN,
    "Product Name": NaN,
    "Product Qty": NaN,
    "Unit Price (List)": NaN,
    "Extended Price (List)": NaN,
    "Module Name": "Embedded Systems Management",
    "Option ID": "G16CQF5",
    "Option Name": "iDRAC9, Enterprise 16G",
    "Option List Price": 796.0,
    "SKUs": "528-CTIC",
    "Qty": 1.0,
    "Parent Order Code": NaN,
    "__row_index__": 33
  },
  {
    "Group Name": NaN,
    "Group ID": NaN,
    "Product Name": NaN,
    "Product Qty": NaN,
    "Unit Price (List)": NaN,
    "Extended Price (List)": NaN,
    "Module Name": "Embedded Systems Management",
    "Option ID": "G65AWE1",
    "Option Name": "Dell Connectivity Client - Disabled",
    "Option List Price": 0.0,
    "SKUs": "379-BFXT, 634-CYDF",
    "Qty": 1.0,
    "Parent Order Code": NaN,
    "__row_index__": 34
  },
  {
    "Group Name": NaN,
    "Group ID": NaN,
    "Product Name": NaN,
    "Product Qty": NaN,
    "Unit Price (List)": NaN,
    "Extended Price (List)": NaN,
    "Module Name": "Dell Secure Onboarding",
    "Option ID": "GMC3F6E",
    "Option Name": "Dell Secure Onboarding Client Disabled",
    "Option List Price": 0.0,
    "SKUs": "634-CZRQ",
    "Qty": 1.0,
    "Parent Order Code": NaN,
    "__row_index__": 35
  },
  {
    "Group Name": NaN,
    "Group ID": NaN,
    "Product Name": NaN,
    "Product Qty": NaN,
    "Unit Price (List)": NaN,
    "Extended Price (List)": NaN,
    "Module Name": "Quick Sync",
    "Option ID": "GCLNJM4",
    "Option Name": "No Quick Sync",
    "Option List Price": 0.0,
    "SKUs": "350-BBYX",
    "Qty": 1.0,
    "Parent Order Code": NaN,
    "__row_index__": 36
  },
  {
    "Group Name": NaN,
    "Group ID": NaN,
    "Product Name": NaN,
    "Product Qty": NaN,
    "Unit Price (List)": NaN,
    "Extended Price (List)": NaN,
    "Module Name": "Password",
    "Option ID": "GDOHU23",
    "Option Name": "iDRAC,Legacy Password",
    "Option List Price": 0.0,
    "SKUs": "379-BCSG",
    "Qty": 1.0,
    "Parent Order Code": NaN,
    "__row_index__": 37
  },
  {
    "Group Name": NaN,
    "Group ID": NaN,
    "Product Name": NaN,
    "Product Qty": NaN,
    "Unit Price (List)": NaN,
    "Extended Price (List)": NaN,
    "Module Name": "Group Manager",
    "Option ID": "GTVA94K",
    "Option Name": "iDRAC Group Manager, Disabled",
    "Option List Price": 0.0,
    "SKUs": "379-BCQY",
    "Qty": 1.0,
    "Parent Order Code": NaN,
    "__row_index__": 38
  },
  {
    "Group Name": NaN,
    "Group ID": NaN,
    "Product Name": NaN,
    "Product Qty": NaN,
    "Unit Price (List)": NaN,
    "Extended Price (List)": NaN,
    "Module Name": "Rack Rails",
    "Option ID": "GG493AN",
    "Option Name": "ReadyRails Sliding Rails Without Cable Management Arm",
    "Option List Price": 124.0,
    "SKUs": "770-BDZP",
    "Qty": 1.0,
    "Parent Order Code": NaN,
    "__row_index__": 39
  },
  {
    "Group Name": NaN,
    "Group ID": NaN,
    "Product Name": NaN,
    "Product Qty": NaN,
    "Unit Price (List)": NaN,
    "Extended Price (List)": NaN,
    "Module Name": "Server Accessories",
    "Option ID": "GVYJO5Z",
    "Option Name": "Fan Foam, HDD 2U",
    "Option List Price": 0.0,
    "SKUs": "750-ACOM",
    "Qty": 1.0,
    "Parent Order Code": NaN,
    "__row_index__": 40
  },
  {
    "Group Name": NaN,
    "Group ID": NaN,
    "Product Name": NaN,
    "Product Qty": NaN,
    "Unit Price (List)": NaN,
    "Extended Price (List)": NaN,
    "Module Name": "System Documentation",
    "Option ID": "GVRYSM7",
    "Option Name": "No Systems Documentation, No OpenManage DVD Kit",
    "Option List Price": 0.0,
    "SKUs": "631-AACK",
    "Qty": 1.0,
    "Parent Order Code": NaN,
    "__row_index__": 41
  },
  {
    "Group Name": NaN,
    "Group ID": NaN,
    "Product Name": NaN,
    "Product Qty": NaN,
    "Unit Price (List)": NaN,
    "Extended Price (List)": NaN,
    "Module Name": "Shipping",
    "Option ID": "GK1BRQ7",
    "Option Name": "PowerEdge R760 Shipping EMEA1 (English/French/German/Spanish/Russian/Hebrew)",
    "Option List Price": 0.0,
    "SKUs": "340-DKCH",
    "Qty": 1.0,
    "Parent Order Code": NaN,
    "__row_index__": 42
  },
  {
    "Group Name": NaN,
    "Group ID": NaN,
    "Product Name": NaN,
    "Product Qty": NaN,
    "Unit Price (List)": NaN,
    "Extended Price (List)": NaN,
    "Module Name": "Shipping Material",
    "Option ID": "G6RFPIW",
    "Option Name": "PowerEdge R760 Shipping Material",
    "Option List Price": 75.0,
    "SKUs": "340-DJQY",
    "Qty": 1.0,
    "Parent Order Code": NaN,
    "__row_index__": 43
  },
  {
    "Group Name": NaN,
    "Group ID": NaN,
    "Product Name": NaN,
    "Product Qty": NaN,
    "Unit Price (List)": NaN,
    "Extended Price (List)": NaN,
    "Module Name": "Regulatory",
    "Option ID": "GV935DZ",
    "Option Name": "PowerEdge R760 CCC Marking, No CE and No BIS Marking",
    "Option List Price": 0.0,
    "SKUs": "343-BBST",
    "Qty": 1.0,
    "Parent Order Code": NaN,
    "__row_index__": 44
  },
  {
    "Group Name": NaN,
    "Group ID": NaN,
    "Product Name": NaN,
    "Product Qty": NaN,
    "Unit Price (List)": NaN,
    "Extended Price (List)": NaN,
    "Module Name": "ECCN",
    "Option ID": "GRO1P6G",
    "Option Name": "Decline Selection",
    "Option List Price": 0.0,
    "SKUs": "817-BBBP",
    "Qty": 1.0,
    "Parent Order Code": NaN,
    "__row_index__": 45
  },
  {
    "Group Name": NaN,
    "Group ID": NaN,
    "Product Name": NaN,
    "Product Qty": NaN,
    "Unit Price (List)": NaN,
    "Extended Price (List)": NaN,
    "Module Name": "Dell Services: Hardware Support",
    "Option ID": "GH6SA5P",
    "Option Name": "Parts Only Warranty 12Months, 12 Month(s)",
    "Option List Price": 0.01,
    "SKUs": "709-BBIY",
    "Qty": 1.0,
    "Parent Order Code": NaN,
    "__row_index__": 46
  },
  {
    "Group Name": NaN,
    "Group ID": NaN,
    "Product Name": NaN,
    "Product Qty": NaN,
    "Unit Price (List)": NaN,
    "Extended Price (List)": NaN,
    "Module Name": "Dell Services:Extended Service",
    "Option ID": "G4ASPON",
    "Option Name": "ProSupport and Next Business Day Onsite Service, 12 Month(s)",
    "Option List Price": 617.89,
    "SKUs": "865-BBLM",
    "Qty": 1.0,
    "Parent Order Code": NaN,
    "__row_index__": 47
  },
  {
    "Group Name": NaN,
    "Group ID": NaN,
    "Product Name": NaN,
    "Product Qty": NaN,
    "Unit Price (List)": NaN,
    "Extended Price (List)": NaN,
    "Module Name": "Infrastructure Deployment Svcs",
    "Option ID": "GMZGA07",
    "Option Name": "No Field Deployment  Customer Install Required",
    "Option List Price": 0.0,
    "SKUs": "883-BBFN",
    "Qty": 1.0,
    "Parent Order Code": NaN,
    "__row_index__": 48
  },
  {
    "Group Name": NaN,
    "Group ID": NaN,
    "Product Name": NaN,
    "Product Qty": NaN,
    "Unit Price (List)": NaN,
    "Extended Price (List)": NaN,
    "Module Name": "Shipping Box Labels - Standard",
    "Option ID": "GDZ0XTY",
    "Option Name": "Order Configuration Shipbox Label (Ship Date, Model, Processor Speed, HDD Size, RAM)",
    "Option List Price": 18.0,
    "SKUs": "293-10049",
    "Qty": 1.0,
    "Parent Order Code": NaN,
    "__row_index__": 49
  },
  {
    "Group Name": NaN,
    "Group ID": NaN,
    "Product Name": NaN,
    "Product Qty": NaN,
    "Unit Price (List)": NaN,
    "Extended Price (List)": NaN,
    "Module Name": "Anti Theft Device & Asset Tagging",
    "Option ID": "G2K1LTI",
    "Option Name": "Asset Tag - ProSupport (Website, barcode, Onboard MacAddress)",
    "Option List Price": 20.0,
    "SKUs": "293-10025",
    "Qty": 1.0,
    "Parent Order Code": NaN,
    "__row_index__": 50
  },
  {
    "Group Name": "Group 1",
    "Group ID": "6489181.1.1",
    "Product Name": "480GB SSD SATA Mixed Use 6Gbps 512e 2.5in Hot-Plug, CUS Kit - [GFQL8C5] ",
    "Product Qty": 1.0,
    "Unit Price (List)": 1456.99,
    "Extended Price (List)": 1456.99,
    "Module Name": NaN,
    "Option ID": NaN,
    "Option Name": NaN,
    "Option List Price": NaN,
    "SKUs": NaN,
    "Qty": NaN,
    "Parent Order Code": NaN,
    "__row_index__": 51
  },
  {
    "Group Name": NaN,
    "Group ID": NaN,
    "Product Name": NaN,
    "Product Qty": NaN,
    "Unit Price (List)": NaN,
    "Extended Price (List)": NaN,
    "Module Name": NaN,
    "Option ID": "GFQL8C5",
    "Option Name": "480GB SSD SATA Mixed Use 6Gbps 512e 2.5in Hot-Plug, CUS Kit",
    "Option List Price": 1456.99,
    "SKUs": "345-BDPH",
    "Qty": 1.0,
    "Parent Order Code": NaN,
    "__row_index__": 52
  },
  {
    "Group Name": "Group 1",
    "Group ID": "6489181.1.1",
    "Product Name": "Single, Hot-Plug MHS Power Supply, 800W,Customer Kit - [GWSP6EN] ",
    "Product Qty": 1.0,
    "Unit Price (List)": 587.99,
    "Extended Price (List)": 587.99,
    "Module Name": NaN,
    "Option ID": NaN,
    "Option Name": NaN,
    "Option List Price": NaN,
    "SKUs": NaN,
    "Qty": NaN,
    "Parent Order Code": NaN,
    "__row_index__": 53
  },
  {
    "Group Name": NaN,
    "Group ID": NaN,
    "Product Name": NaN,
    "Product Qty": NaN,
    "Unit Price (List)": NaN,
    "Extended Price (List)": NaN,
    "Module Name": NaN,
    "Option ID": "GWSP6EN",
    "Option Name": "Single, Hot-Plug MHS Power Supply, 800W,Customer Kit",
    "Option List Price": 587.99,
    "SKUs": "384-BDQX",
    "Qty": 1.0,
    "Parent Order Code": NaN,
    "__row_index__": 54
  },
  {
    "Group Name": "Group 1",
    "Group ID": "6489181.1.1",
    "Product Name": "Intel E810-XXV 25GbE SFP28 Dual Port PCIe Low Profile Customer Kit - [G3VGUFK] ",
    "Product Qty": 1.0,
    "Unit Price (List)": 704.99,
    "Extended Price (List)": 704.99,
    "Module Name": NaN,
    "Option ID": NaN,
    "Option Name": NaN,
    "Option List Price": NaN,
    "SKUs": NaN,
    "Qty": NaN,
    "Parent Order Code": NaN,
    "__row_index__": 55
  },
  {
    "Group Name": NaN,
    "Group ID": NaN,
    "Product Name": NaN,
    "Product Qty": NaN,
    "Unit Price (List)": NaN,
    "Extended Price (List)": NaN,
    "Module Name": NaN,
    "Option ID": "G3VGUFK",
    "Option Name": "Intel E810-XXV 25GbE SFP28 Dual Port PCIe Low Profile Customer Kit",
    "Option List Price": 704.99,
    "SKUs": "540-BCXX",
    "Qty": 1.0,
    "Parent Order Code": NaN,
    "__row_index__": 56
  },
  {
    "Group Name": NaN,
    "Group ID": NaN,
    "Product Name": NaN,
    "Product Qty": NaN,
    "Unit Price (List)": NaN,
    "Extended Price (List)": NaN,
    "Module Name": NaN,
    "Option ID": NaN,
    "Option Name": NaN,
    "Option List Price": NaN,
    "SKUs": NaN,
    "Qty": NaN,
    "Parent Order Code": NaN,
    "__row_index__": 57
  },
  {
    "Group Name": NaN,
    "Group ID": NaN,
    "Product Name": NaN,
    "Product Qty": NaN,
    "Unit Price (List)": NaN,
    "Extended Price (List)": NaN,
    "Module Name": NaN,
    "Option ID": NaN,
    "Option Name": NaN,
    "Option List Price": NaN,
    "SKUs": NaN,
    "Qty": NaN,
    "Parent Order Code": NaN,
    "__row_index__": 58
  },
  {
    "Group Name": NaN,
    "Group ID": NaN,
    "Product Name": NaN,
    "Product Qty": NaN,
    "Unit Price (List)": NaN,
    "Extended Price (List)": NaN,
    "Module Name": NaN,
    "Option ID": NaN,
    "Option Name": NaN,
    "Option List Price": NaN,
    "SKUs": NaN,
    "Qty": NaN,
    "Parent Order Code": NaN,
    "__row_index__": 59
  }
]