{
  "total_rows": 56,
  "header_rows_count": 7,
  "item_rows_count": 49,
  "entity_type_counts": {
    "BASE": 1,
    "HW": 23,
    "CONFIG": 6,
    "LOGISTIC": 7,
    "NOTE": 1,
    "SOFTWARE": 7,
    "SERVICE": 4
  },
  "state_counts": {
    "PRESENT": 36,
    "ABSENT": 10,
    "DISABLED": 3
  },
  "unknown_count": 0,
  "rules_stats": {
    "HEADER-SKIP": 7,
    "BASE-001": 1,
    "HW-003": 4,
    "HW-001": 1,
    "HW-002": 13,
    "CONFIG-001": 5,
    "LOGISTIC-004-CORD": 1,
    "NOTE-001": 1,
    "HW-OPTICS-001": 2,
    "CONFIG-NOGPU-001": 1,
    "HW-BOSS-001": 1,
    "SOFTWARE-003": 2,
    "SOFTWARE-001": 2,
    "SOFTWARE-002": 1,
    "SOFTWARE-004": 2,
    "LOGISTIC-001": 6,
    "SERVICE-001": 3,
    "SERVICE-004": 1,
    "HW-005-STORAGE-CUS": 1,
    "HW-006-PSU-CUS": 1
  },
  "device_type_counts": {
    "raid_controller": 1,
    "power_cord": 1,
    "storage_ssd": 1,
    "psu": 1,
    "nic": 1
  },
  "hw_type_counts": {
    "tpm": 1,
    "chassis": 2,
    "cpu": 4,
    "ram": 1,
    "storage_controller": 2,
    "ssd": 2,
    "fan": 1,
    "psu": 2,
    "riser": 1,
    "network_adapter": 3,
    "cable": 1,
    "management": 1,
    "mounting_kit": 1,
    "hdd": 1
  },
  "hw_type_null_count": 0,
  "rules_file_hash": "b76261efc71a48d6669bceacf784095824504e948de8f30756b43561fd75e032"
}