[
  {
    "source_row_index": 8,
    "row_kind": "HEADER",
    "group_name": "Group 1",
    "group_id": "6487608.1.1",
    "product_name": "PowerEdge R7625 - Full Configuration - [EMEA_R7625]",
    "module_name": "",
    "option_name": "",
    "option_id": null,
    "skus": [],
    "qty": 0,
    "option_price": 0.0
  },
  {
    "source_row_index": 9,
    "row_kind": "ITEM",
    "group_name": null,
    "group_id": null,
    "product_name": null,
    "module_name": "Base",
    "option_name": "PowerEdge R7625 Server",
    "option_id": "G8Y4AWF",
    "skus": [
      "210-BFMO"
    ],
    "qty": 1,
    "option_price": 4748.0
  },
  {
    "source_row_index": 10,
    "row_kind": "ITEM",
    "group_name": null,
    "group_id": null,
    "product_name": null,
    "module_name": "FRONT STORAGE",
    "option_name": "Chassis with up to 24x2.5\" Drives",
    "option_id": "GBEZWO8",
    "skus": [
      "379-BDTF"
    ],
    "qty": 1,
    "option_price": 0.0
  },
  {
    "source_row_index": 11,
    "row_kind": "ITEM",
    "group_name": null,
    "group_id": null,
    "product_name": null,
    "module_name": "BACKPLANE",
    "option_name": "NVMe Backplane",
    "option_id": "GL6C9WE",
    "skus": [
      "379-BDSX"
    ],
    "qty": 1,
    "option_price": 0.0
  },
  {
    "source_row_index": 12,
    "row_kind": "ITEM",
    "group_name": null,
    "group_id": null,
    "product_name": null,
    "module_name": "REAR STORAGE",
    "option_name": "No Rear Storage",
    "option_id": "GOXF0L2",
    "skus": [
      "379-BDTE"
    ],
    "qty": 1,
    "option_price": 0.0
  },
  {
    "source_row_index": 13,
    "row_kind": "ITEM",
    "group_name": null,
    "group_id": null,
    "product_name": null,
    "module_name": "Trusted Platform Module",
    "option_name": "Trusted Platform Module 2.0 V6",
    "option_id": "GGX1VDO",
    "skus": [
      "461-AAIG"
    ],
    "qty": 1,
    "option_price": 0.0
  },
  {
    "source_row_index": 14,
    "row_kind": "ITEM",
    "group_name": null,
    "group_id": null,
    "product_name": null,
    "module_name": "Chassis Configuration",
    "option_name": "2.5\" Chassis with up to 24 NVMe Switched HWRAID Drives, Dual Controller, Front PERC 12",
    "option_id": "GRH547I",
    "skus": [
      "321-BKFZ"
    ],
    "qty": 1,
    "option_price": 2726.0
  },
  {
    "source_row_index": 15,
    "row_kind": "ITEM",
    "group_name": null,
    "group_id": null,
    "product_name": null,
    "module_name": "Processor",
    "option_name": "AMD EPYC 9554 3.10GHz, 64C/128T, 256M Cache (360W) DDR5-4800",
    "option_id": "GPQ2A1V",
    "skus": [
      "338-CGXC"
    ],
    "qty": 1,
    "option_price": 11500.0
  },
  {
    "source_row_index": 16,
    "row_kind": "ITEM",
    "group_name": null,
    "group_id": null,
    "product_name": null,
    "module_name": "Additional Processor",
    "option_name": "AMD EPYC 9554 3.10GHz, 64C/128T, 256M Cache (360W) DDR5-4800",
    "option_id": "G4A9ONX",
    "skus": [
      "338-CGXC",
      "379-BDCO"
    ],
    "qty": 1,
    "option_price": 11500.01
  },
  {
    "source_row_index": 17,
    "row_kind": "ITEM",
    "group_name": null,
    "group_id": null,
    "product_name": null,
    "module_name": "Processor Thermal Configuration",
    "option_name": "High Performance Heatsink for 2 CPU Configuration",
    "option_id": "GJ8I4T7",
    "skus": [
      "412-ABCZ"
    ],
    "qty": 1,
    "option_price": 0.0
  },
  {
    "source_row_index": 18,
    "row_kind": "ITEM",
    "group_name": null,
    "group_id": null,
    "product_name": null,
    "module_name": "Memory Configuration Type",
    "option_name": "Performance Optimized",
    "option_id": "G6VDIHE",
    "skus": [
      "370-AHLL"
    ],
    "qty": 1,
    "option_price": 0.0
  },
  {
    "source_row_index": 19,
    "row_kind": "ITEM",
    "group_name": null,
    "group_id": null,
    "product_name": null,
    "module_name": "Memory DIMM Type and Speed",
    "option_name": "5600MT/s RDIMMs",
    "option_id": "GYMX57Q",
    "skus": [
      "370-BBRX"
    ],
    "qty": 1,
    "option_price": 0.0
  },
  {
    "source_row_index": 20,
    "row_kind": "ITEM",
    "group_name": null,
    "group_id": null,
    "product_name": null,
    "module_name": "Memory Capacity",
    "option_name": "96GB RDIMM, 5600MT/s, Dual Rank",
    "option_id": "G6VBKTN",
    "skus": [
      "370-BBRV"
    ],
    "qty": 16,
    "option_price": 90032.0
  },
  {
    "source_row_index": 21,
    "row_kind": "ITEM",
    "group_name": null,
    "group_id": null,
    "product_name": null,
    "module_name": "RAID Configuration",
    "option_name": "C42, Unconfigured RAID for Dual Controllers 1-12 + 1-12 (Mixed Drive Types Allowed)",
    "option_id": "GL4N86A",
    "skus": [
      "780-BCDW"
    ],
    "qty": 1,
    "option_price": 0.0
  },
  {
    "source_row_index": 22,
    "row_kind": "ITEM",
    "group_name": null,
    "group_id": null,
    "product_name": null,
    "module_name": "RAID/Internal Storage Controllers",
    "option_name": "Dual Controller, Front H965i Rear Load",
    "option_id": "GVI97JY",
    "skus": [
      "405-ABDN",
      "405-ABDN",
      "750-ADWO",
      "750-ADWO"
    ],
    "qty": 1,
    "option_price": 5038.02
  },
  {
    "source_row_index": 23,
    "row_kind": "ITEM",
    "group_name": null,
    "group_id": null,
    "product_name": null,
    "module_name": "Hard Drives",
    "option_name": "No Hard Drive",
    "option_id": "GZ4G6T3",
    "skus": [
      "400-ABHL"
    ],
    "qty": 1,
    "option_price": 0.0
  },
  {
    "source_row_index": 24,
    "row_kind": "ITEM",
    "group_name": null,
    "group_id": null,
    "product_name": null,
    "module_name": "Hard Drives (PCIe SSD/Flex Bay)",
    "option_name": "7.68TB Data Center NVMe Read Intensive AG Drive U2  with carrier",
    "option_id": "GOM0VWA",
    "skus": [
      "345-BJNW"
    ],
    "qty": 24,
    "option_price": 278760.0
  },
  {
    "source_row_index": 25,
    "row_kind": "ITEM",
    "group_name": null,
    "group_id": null,
    "product_name": null,
    "module_name": "BIOS and Advanced System Configuration Settings",
    "option_name": "Power Saving BIOS Setting",
    "option_id": "GEARJ9V",
    "skus": [
      "384-BBBH"
    ],
    "qty": 1,
    "option_price": 0.0
  },
  {
    "source_row_index": 26,
    "row_kind": "ITEM",
    "group_name": null,
    "group_id": null,
    "product_name": null,
    "module_name": "Advanced System Configurations",
    "option_name": "UEFI BIOS Boot Mode with GPT Partition",
    "option_id": "GSFTG4Y",
    "skus": [
      "800-BBDM"
    ],
    "qty": 1,
    "option_price": 0.0
  },
  {
    "source_row_index": 27,
    "row_kind": "ITEM",
    "group_name": null,
    "group_id": null,
    "product_name": null,
    "module_name": "Advanced System Configurations",
    "option_name": "No Energy Star",
    "option_id": "G9IONL3",
    "skus": [
      "387-BBEY"
    ],
    "qty": 1,
    "option_price": 0.0
  },
  {
    "source_row_index": 28,
    "row_kind": "ITEM",
    "group_name": null,
    "group_id": null,
    "product_name": null,
    "module_name": "Fans",
    "option_name": "Very High Performance Fan x6",
    "option_id": "GA8WT7O",
    "skus": [
      "750-ACOM",
      "750-ADGJ"
    ],
    "qty": 1,
    "option_price": 397.0
  },
  {
    "source_row_index": 29,
    "row_kind": "ITEM",
    "group_name": null,
    "group_id": null,
    "product_name": null,
    "module_name": "Power Supply",
    "option_name": "Dual, Hot-Plug, Fully Redundant Power Supply (1+1), 2400W, Mixed Mode",
    "option_id": "GCZ2T8R",
    "skus": [
      "450-AJEV"
    ],
    "qty": 1,
    "option_price": 1818.0
  },
  {
    "source_row_index": 30,
    "row_kind": "ITEM",
    "group_name": null,
    "group_id": null,
    "product_name": null,
    "module_name": "Power Cords",
    "option_name": "C19 to C20, 250V, 0.6m Power Cord",
    "option_id": "G50MVRY",
    "skus": [
      "450-AAXT"
    ],
    "qty": 2,
    "option_price": 24.0
  },
  {
    "source_row_index": 31,
    "row_kind": "ITEM",
    "group_name": null,
    "group_id": null,
    "product_name": null,
    "module_name": "PCIe Riser",
    "option_name": "Riser Config 2, 6 x8 FH + 2 x16 LP",
    "option_id": "G6S4AKN",
    "skus": [
      "330-BCBH"
    ],
    "qty": 1,
    "option_price": 687.0
  },
  {
    "source_row_index": 32,
    "row_kind": "ITEM",
    "group_name": null,
    "group_id": null,
    "product_name": null,
    "module_name": "Motherboard",
    "option_name": "PowerEdge R7625 Motherboard",
    "option_id": "G6WFJ9U",
    "skus": [
      "338-CQQG"
    ],
    "qty": 1,
    "option_price": 0.0
  },
  {
    "source_row_index": 33,
    "row_kind": "ITEM",
    "group_name": null,
    "group_id": null,
    "product_name": null,
    "module_name": "OCP 3.0 Network Adapters",
    "option_name": "Broadcom 57414 Dual Port 10/25GbE SFP28, OCP NIC 3.0",
    "option_id": "G63VWGR",
    "skus": [
      "540-BCOC"
    ],
    "qty": 1,
    "option_price": 602.0
  },
  {
    "source_row_index": 34,
    "row_kind": "ITEM",
    "group_name": null,
    "group_id": null,
    "product_name": null,
    "module_name": "Additional Network Cards",
    "option_name": "PCIe Blank Filler, Low Profile",
    "option_id": "GU9HW7R",
    "skus": [
      "414-BBJB"
    ],
    "qty": 2,
    "option_price": 0.0
  },
  {
    "source_row_index": 35,
    "row_kind": "ITEM",
    "group_name": null,
    "group_id": null,
    "product_name": null,
    "module_name": "Additional Network Cards",
    "option_name": "Broadcom 5720 Dual Port 1GbE LOM",
    "option_id": "GY8XSA9",
    "skus": [
      "540-BDKD"
    ],
    "qty": 1,
    "option_price": 0.0
  },
  {
    "source_row_index": 36,
    "row_kind": "ITEM",
    "group_name": null,
    "group_id": null,
    "product_name": null,
    "module_name": "Fibre Channel Adapters",
    "option_name": "QLogic 2772 Dual Port 32Gb Fibre Channel HBA, PCIe Full Height, V2",
    "option_id": "GWR0PK3",
    "skus": [
      "540-BDHC"
    ],
    "qty": 1,
    "option_price": 2679.0
  },
  {
    "source_row_index": 37,
    "row_kind": "ITEM",
    "group_name": null,
    "group_id": null,
    "product_name": null,
    "module_name": "Cables",
    "option_name": "No DPUs Cable Required, No DPU",
    "option_id": "GV6CUGB",
    "skus": [
      "470-AEYU"
    ],
    "qty": 1,
    "option_price": 0.0
  },
  {
    "source_row_index": 38,
    "row_kind": "ITEM",
    "group_name": null,
    "group_id": null,
    "product_name": null,
    "module_name": "Bezel",
    "option_name": "PowerEdge 2U Standard Bezel",
    "option_id": "GOW8SMV",
    "skus": [
      "321-BHXZ",
      "325-BEVI"
    ],
    "qty": 1,
    "option_price": 25.0
  },
  {
    "source_row_index": 39,
    "row_kind": "ITEM",
    "group_name": null,
    "group_id": null,
    "product_name": null,
    "module_name": "Boot Optimized Storage Cards",
    "option_name": "BOSS-N1 controller card +  with 2 M.2 960GB (RAID 1)",
    "option_id": "GKM2QOA",
    "skus": [
      "403-BCRZ",
      "470-AFMF"
    ],
    "qty": 1,
    "option_price": 4042.0
  },
  {
    "source_row_index": 40,
    "row_kind": "ITEM",
    "group_name": null,
    "group_id": null,
    "product_name": null,
    "module_name": "Operating System",
    "option_name": "No Operating System",
    "option_id": "G78MU35",
    "skus": [
      "611-BBBF"
    ],
    "qty": 1,
    "option_price": 0.0
  },
  {
    "source_row_index": 41,
    "row_kind": "ITEM",
    "group_name": null,
    "group_id": null,
    "product_name": null,
    "module_name": "OS Media Kits",
    "option_name": "No Media Required",
    "option_id": "GKH7AZI",
    "skus": [
      "605-BBFN"
    ],
    "qty": 1,
    "option_price": 0.0
  },
  {
    "source_row_index": 42,
    "row_kind": "ITEM",
    "group_name": null,
    "group_id": null,
    "product_name": null,
    "module_name": "Embedded Systems Management",
    "option_name": "iDRAC9, Enterprise 16G",
    "option_id": "G16CQF5",
    "skus": [
      "528-CTIC"
    ],
    "qty": 1,
    "option_price": 796.0
  },
  {
    "source_row_index": 43,
    "row_kind": "ITEM",
    "group_name": null,
    "group_id": null,
    "product_name": null,
    "module_name": "Embedded Systems Management",
    "option_name": "Dell Connectivity Client - Disabled",
    "option_id": "G65AWE1",
    "skus": [
      "379-BFXT",
      "634-CYDF"
    ],
    "qty": 1,
    "option_price": 0.0
  },
  {
    "source_row_index": 44,
    "row_kind": "ITEM",
    "group_name": null,
    "group_id": null,
    "product_name": null,
    "module_name": "Quick Sync",
    "option_name": "No Quick Sync",
    "option_id": "GCLNJM4",
    "skus": [
      "350-BBYX"
    ],
    "qty": 1,
    "option_price": 0.0
  },
  {
    "source_row_index": 45,
    "row_kind": "ITEM",
    "group_name": null,
    "group_id": null,
    "product_name": null,
    "module_name": "Password",
    "option_name": "iDRAC,Legacy Password",
    "option_id": "GDOHU23",
    "skus": [
      "379-BCSG"
    ],
    "qty": 1,
    "option_price": 0.0
  },
  {
    "source_row_index": 46,
    "row_kind": "ITEM",
    "group_name": null,
    "group_id": null,
    "product_name": null,
    "module_name": "Group Manager",
    "option_name": "iDRAC Group Manager, Disabled",
    "option_id": "GTVA94K",
    "skus": [
      "379-BCQY"
    ],
    "qty": 1,
    "option_price": 0.0
  },
  {
    "source_row_index": 47,
    "row_kind": "ITEM",
    "group_name": null,
    "group_id": null,
    "product_name": null,
    "module_name": "Rack Rails",
    "option_name": "ReadyRails Sliding Rails Without Cable Management Arm",
    "option_id": "GG493AN",
    "skus": [
      "770-BDZP"
    ],
    "qty": 1,
    "option_price": 124.0
  },
  {
    "source_row_index": 48,
    "row_kind": "ITEM",
    "group_name": null,
    "group_id": null,
    "product_name": null,
    "module_name": "System Documentation",
    "option_name": "No Systems Documentation, No OpenManage DVD Kit",
    "option_id": "GVRYSM7",
    "skus": [
      "631-AACK"
    ],
    "qty": 1,
    "option_price": 0.0
  },
  {
    "source_row_index": 49,
    "row_kind": "ITEM",
    "group_name": null,
    "group_id": null,
    "product_name": null,
    "module_name": "Shipping",
    "option_name": "PowerEdge R7625 Shipping EMEA1 (English/French/German/Spanish/Russian/Hebrew)",
    "option_id": "G2KWVUB",
    "skus": [
      "340-DDHI"
    ],
    "qty": 1,
    "option_price": 0.0
  },
  {
    "source_row_index": 50,
    "row_kind": "ITEM",
    "group_name": null,
    "group_id": null,
    "product_name": null,
    "module_name": "Shipping Material",
    "option_name": "PowerEdge R7625 Shipping Material",
    "option_id": "G0H8U5M",
    "skus": [
      "340-DCXY"
    ],
    "qty": 1,
    "option_price": 75.0
  },
  {
    "source_row_index": 51,
    "row_kind": "ITEM",
    "group_name": null,
    "group_id": null,
    "product_name": null,
    "module_name": "Regulatory",
    "option_name": "PowerEdge R7625 No CE, CCC or  BIS Marking",
    "option_id": "GAR1XHQ",
    "skus": [
      "389-EFMJ"
    ],
    "qty": 1,
    "option_price": 0.0
  },
  {
    "source_row_index": 52,
    "row_kind": "ITEM",
    "group_name": null,
    "group_id": null,
    "product_name": null,
    "module_name": "GPU/FPGA/Acceleration Cables",
    "option_name": "No Cables Required, No GPU Blanks",
    "option_id": "G0PNZWL",
    "skus": [
      "470-AEYU"
    ],
    "qty": 1,
    "option_price": 0.0
  },
  {
    "source_row_index": 53,
    "row_kind": "ITEM",
    "group_name": null,
    "group_id": null,
    "product_name": null,
    "module_name": "ECCN",
    "option_name": "Decline Selection",
    "option_id": "GRO1P6G",
    "skus": [
      "817-BBBP"
    ],
    "qty": 1,
    "option_price": 0.0
  },
  {
    "source_row_index": 54,
    "row_kind": "ITEM",
    "group_name": null,
    "group_id": null,
    "product_name": null,
    "module_name": "Dell Services: Hardware Service",
    "option_name": "Parts Only Warranty 12Months, 12 Month(s)",
    "option_id": "GH6SA5P",
    "skus": [
      "709-BBIY"
    ],
    "qty": 1,
    "option_price": 0.01
  },
  {
    "source_row_index": 55,
    "row_kind": "ITEM",
    "group_name": null,
    "group_id": null,
    "product_name": null,
    "module_name": "Extended Service",
    "option_name": "NO WARRANTY UPGRADE SELECTED, 12 Month(s)",
    "option_id": "GKQE3CR",
    "skus": [
      "883-BBBD"
    ],
    "qty": 1,
    "option_price": 0.0
  },
  {
    "source_row_index": 56,
    "row_kind": "ITEM",
    "group_name": null,
    "group_id": null,
    "product_name": null,
    "module_name": "Shipping Box Labels - Standard",
    "option_name": "Order Configuration Shipbox Label (Ship Date, Model, Processor Speed, HDD Size, RAM)",
    "option_id": "GDZ0XTY",
    "skus": [
      "293-10049"
    ],
    "qty": 1,
    "option_price": 18.0
  },
  {
    "source_row_index": 57,
    "row_kind": "ITEM",
    "group_name": null,
    "group_id": null,
    "product_name": null,
    "module_name": "Anti Theft Device & Asset Tagging",
    "option_name": "Asset Tag - ProSupport (Website, barcode, Onboard MacAddress)",
    "option_id": "G2K1LTI",
    "skus": [
      "293-10025"
    ],
    "qty": 1,
    "option_price": 20.0
  },
  {
    "source_row_index": 58,
    "row_kind": "ITEM",
    "group_name": null,
    "group_id": null,
    "product_name": null,
    "module_name": "Infrastructure Deployment Svcs",
    "option_name": "No Field Deployment  Customer Install Required",
    "option_id": "GMZGA07",
    "skus": [
      "883-BBFN"
    ],
    "qty": 1,
    "option_price": 0.0
  },
  {
    "source_row_index": 59,
    "row_kind": "HEADER",
    "group_name": null,
    "group_id": null,
    "product_name": null,
    "module_name": "",
    "option_name": "",
    "option_id": null,
    "skus": [],
    "qty": 0,
    "option_price": 0.0
  },
  {
    "source_row_index": 60,
    "row_kind": "HEADER",
    "group_name": null,
    "group_id": null,
    "product_name": null,
    "module_name": "",
    "option_name": "",
    "option_id": null,
    "skus": [],
    "qty": 0,
    "option_price": 0.0
  },
  {
    "source_row_index": 61,
    "row_kind": "HEADER",
    "group_name": null,
    "group_id": null,
    "product_name": null,
    "module_name": "",
    "option_name": "",
    "option_id": null,
    "skus": [],
    "qty": 0,
    "option_price": 0.0
  }
]