﻿source_row_index,group_name,group_id,product_name,module_name,option_name,option_id,skus,qty,option_price
4,Group 1,6646171.1.1,PowerEdge R770  - Full Configuration - [EMEA_R770],,,,,0,0.0
56,Group 1,6646171.1.1,PowerEdge R770  - Full Configuration - [EMEA_R770] (2),,,,,0,0.0
107,Group 1,6646171.1.1,PowerEdge R770  - Full Configuration - [EMEA_R770] (3),,,,,0,0.0
160,Group 1,6646171.1.1,PowerEdge R770  - Full Configuration - [EMEA_R770] (4),,,,,0,0.0
213,Group 1,6646171.1.1,PowerEdge R770  - Full Configuration - [EMEA_R770] (5),,,,,0,0.0
266,Group 1,6646171.1.1,PowerEdge R770  - Full Configuration - [EMEA_R770] (6),,,,,0,0.0
319,,,,,,,,0,0.0
320,,,,,,,,0,0.0
321,,,,,,,,0,0.0
