{
  "total_rows": 42,
  "header_rows_count": 4,
  "item_rows_count": 38,
  "entity_type_counts": {
    "BASE": 1,
    "HW": 16,
    "CONFIG": 7,
    "LOGISTIC": 4,
    "NOTE": 1,
    "SOFTWARE": 6,
    "SERVICE": 3
  },
  "state_counts": {
    "PRESENT": 26,
    "ABSENT": 10,
    "DISABLED": 2
  },
  "unknown_count": 0,
  "rules_stats": {
    "HEADER-SKIP": 4,
    "BASE-002": 1,
    "HW-001": 1,
    "HW-002": 12,
    "CONFIG-001": 6,
    "LOGISTIC-004-CORD": 1,
    "NOTE-002": 1,
    "CONFIG-NOCABLE-001": 1,
    "HW-NOBOSS-BLANK-001": 1,
    "SOFTWARE-003": 2,
    "SOFTWARE-001": 2,
    "SOFTWARE-002": 1,
    "HW-003": 2,
    "SOFTWARE-004": 1,
    "LOGISTIC-001": 3,
    "SERVICE-001": 3
  },
  "device_type_counts": {
    "raid_controller": 1,
    "power_cord": 1
  },
  "hw_type_counts": {
    "chassis": 2,
    "cpu": 2,
    "ram": 1,
    "storage_controller": 1,
    "blank": 3,
    "nvme": 1,
    "fan": 1,
    "psu": 1,
    "riser": 1,
    "network_adapter": 1,
    "mounting_kit": 1,
    "cable": 1
  },
  "hw_type_null_count": 0,
  "rules_file_hash": "57c1491bf72a15092f9a1c1a40c13e33571abf90a1c353803f0ad483f9bd8dbd"
}