{
  "total_rows": 318,
  "header_rows_count": 9,
  "item_rows_count": 309,
  "entity_type_counts": {
    "BASE": 6,
    "HW": 171,
    "CONFIG": 34,
    "SOFTWARE": 32,
    "LOGISTIC": 36,
    "NOTE": 6,
    "SERVICE": 24
  },
  "state_counts": {
    "PRESENT": 266,
    "ABSENT": 37,
    "DISABLED": 6
  },
  "unknown_count": 0,
  "rules_stats": {
    "HEADER-SKIP": 9,
    "BASE-001": 6,
    "HW-001": 6,
    "HW-002": 115,
    "CONFIG-001": 30,
    "SOFTWARE-001": 12,
    "LOGISTIC-004-CORD": 6,
    "NOTE-002": 6,
    "CONFIG-NOCABLE-001": 1,
    "HW-008-HBA-PERC-CUS": 6,
    "SOFTWARE-004": 2,
    "HW-003": 26,
    "CONFIG-NOGPU-001": 3,
    "HW-BOSS-001": 6,
    "HW-OPTICS-001": 12,
    "SOFTWARE-003": 12,
    "SOFTWARE-002": 6,
    "LOGISTIC-001": 30,
    "SERVICE-001": 18,
    "SERVICE-004": 6
  },
  "device_type_counts": {
    "raid_controller": 7,
    "power_cord": 6,
    "hba": 11,
    "sfp_cable": 6
  },
  "hw_type_counts": {
    "chassis": 12,
    "cpu": 12,
    "cpu_heatsink": 6,
    "ram": 6,
    "storage_controller": 24,
    "ssd": 6,
    "hdd": 10,
    "nvme": 6,
    "fan": 6,
    "psu": 6,
    "riser": 6,
    "network_adapter": 29,
    "gpu": 6,
    "cable": 15,
    "mounting_kit": 6,
    "management": 6,
    "blank": 9
  },
  "hw_type_null_count": 0,
  "rules_file_hash": "57c1491bf72a15092f9a1c1a40c13e33571abf90a1c353803f0ad483f9bd8dbd"
}