[
  {
    "source_row_index": 8,
    "row_kind": "HEADER",
    "group_name": "Group 1",
    "group_id": "6462871.1.1",
    "product_name": "PowerEdge R770  - Full Configuration - [EMEA_R770]",
    "module_name": "",
    "option_name": "",
    "option_id": null,
    "skus": [],
    "qty": 0,
    "option_price": 0.0
  },
  {
    "source_row_index": 9,
    "row_kind": "ITEM",
    "group_name": null,
    "group_id": null,
    "product_name": null,
    "module_name": "Base",
    "option_name": "PowerEdge R770 Server",
    "option_id": "GWT24VD",
    "skus": [
      "210-BNWX"
    ],
    "qty": 1,
    "option_price": 5710.0
  },
  {
    "source_row_index": 10,
    "row_kind": "ITEM",
    "group_name": null,
    "group_id": null,
    "product_name": null,
    "module_name": "Chassis Configuration",
    "option_name": "2.5\" Chassis with up to 8 NVMe HWRAID Drives, Front PERC 12 (H965i)",
    "option_id": "GA4CBF5",
    "skus": [
      "321-BLHK"
    ],
    "qty": 1,
    "option_price": 817.0
  },
  {
    "source_row_index": 11,
    "row_kind": "ITEM",
    "group_name": null,
    "group_id": null,
    "product_name": null,
    "module_name": "Processor",
    "option_name": "Intel® Xeon® 6 Performance 6737P 2.9G, 32C/64T, 24GT/s, 144M Cache, Turbo, (270W) DDR5-6400",
    "option_id": "G6KHOXL",
    "skus": [
      "338-CTBB"
    ],
    "qty": 1,
    "option_price": 9000.0
  },
  {
    "source_row_index": 12,
    "row_kind": "ITEM",
    "group_name": null,
    "group_id": null,
    "product_name": null,
    "module_name": "Additional Processor",
    "option_name": "Intel® Xeon® 6 Performance 6737P 2.9G, 32C/64T, 24GT/s, 144M Cache, Turbo, (270W) DDR5-6400",
    "option_id": "G6O2TH5",
    "skus": [
      "338-CTBB",
      "379-BDCO"
    ],
    "qty": 1,
    "option_price": 9000.01
  },
  {
    "source_row_index": 13,
    "row_kind": "ITEM",
    "group_name": null,
    "group_id": null,
    "product_name": null,
    "module_name": "Thermal Configuration",
    "option_name": "Heatsink for 2 CPU with GPU Configuration (CPU greater than 250W)",
    "option_id": "GV3YC5K",
    "skus": [
      "412-BBJV"
    ],
    "qty": 1,
    "option_price": 145.0
  },
  {
    "source_row_index": 14,
    "row_kind": "ITEM",
    "group_name": null,
    "group_id": null,
    "product_name": null,
    "module_name": "Memory Configuration Type",
    "option_name": "Performance Optimized",
    "option_id": "GH9QBEI",
    "skus": [
      "370-AAIP"
    ],
    "qty": 1,
    "option_price": 0.0
  },
  {
    "source_row_index": 15,
    "row_kind": "ITEM",
    "group_name": null,
    "group_id": null,
    "product_name": null,
    "module_name": "Memory DIMM Type and Speed",
    "option_name": "6400MT/s RDIMMs",
    "option_id": "GL7EXYA",
    "skus": [
      "370-BCCX"
    ],
    "qty": 1,
    "option_price": 0.0
  },
  {
    "source_row_index": 16,
    "row_kind": "ITEM",
    "group_name": null,
    "group_id": null,
    "product_name": null,
    "module_name": "Memory Capacity",
    "option_name": "32GB RDIMM, 6400MT/s, Dual Rank",
    "option_id": "G3XFPTJ",
    "skus": [
      "370-BCCY"
    ],
    "qty": 16,
    "option_price": 27072.0
  },
  {
    "source_row_index": 17,
    "row_kind": "ITEM",
    "group_name": null,
    "group_id": null,
    "product_name": null,
    "module_name": "RAID Configuration",
    "option_name": "C33, RAID 1 with NVMe",
    "option_id": "G9FIWK0",
    "skus": [
      "379-BEGH"
    ],
    "qty": 1,
    "option_price": 0.01
  },
  {
    "source_row_index": 18,
    "row_kind": "ITEM",
    "group_name": null,
    "group_id": null,
    "product_name": null,
    "module_name": "RAID Controller",
    "option_name": "PERC H965i Controller, Front, DC-MHS",
    "option_id": "G48B20G",
    "skus": [
      "403-BDMY"
    ],
    "qty": 1,
    "option_price": 2637.0
  },
  {
    "source_row_index": 19,
    "row_kind": "ITEM",
    "group_name": null,
    "group_id": null,
    "product_name": null,
    "module_name": "Hard Drives",
    "option_name": "No Hard Drive",
    "option_id": "GZ4G6T3",
    "skus": [
      "400-ABHL"
    ],
    "qty": 1,
    "option_price": 0.0
  },
  {
    "source_row_index": 20,
    "row_kind": "ITEM",
    "group_name": null,
    "group_id": null,
    "product_name": null,
    "module_name": "Hard Drives (PCIe SSD/Flex Bay)",
    "option_name": "800G Data Center NVMe Mixed Use AG Drive U2 with carrier",
    "option_id": "G0LDKSV",
    "skus": [
      "400-BRPJ"
    ],
    "qty": 2,
    "option_price": 4756.0
  },
  {
    "source_row_index": 21,
    "row_kind": "ITEM",
    "group_name": null,
    "group_id": null,
    "product_name": null,
    "module_name": "BIOS and Advanced System Configuration Settings",
    "option_name": "Power Saving BIOS Setting",
    "option_id": "GEARJ9V",
    "skus": [
      "384-BBBH"
    ],
    "qty": 1,
    "option_price": 0.0
  },
  {
    "source_row_index": 22,
    "row_kind": "ITEM",
    "group_name": null,
    "group_id": null,
    "product_name": null,
    "module_name": "Advanced System Configurations",
    "option_name": "UEFI BIOS Boot Mode with GPT Partition",
    "option_id": "GSFTG4Y",
    "skus": [
      "800-BBDM"
    ],
    "qty": 1,
    "option_price": 0.0
  },
  {
    "source_row_index": 23,
    "row_kind": "ITEM",
    "group_name": null,
    "group_id": null,
    "product_name": null,
    "module_name": "Fans",
    "option_name": "PowerEdge 2U High Performance Gold Fan",
    "option_id": "GMNF9BE",
    "skus": [
      "384-BDQR"
    ],
    "qty": 1,
    "option_price": 447.0
  },
  {
    "source_row_index": 24,
    "row_kind": "ITEM",
    "group_name": null,
    "group_id": null,
    "product_name": null,
    "module_name": "Embedded Systems Management",
    "option_name": "iDRAC10, Core 17G",
    "option_id": "G7MDF9T",
    "skus": [
      "634-CSHW"
    ],
    "qty": 1,
    "option_price": 0.0
  },
  {
    "source_row_index": 25,
    "row_kind": "ITEM",
    "group_name": null,
    "group_id": null,
    "product_name": null,
    "module_name": "Embedded Systems Management",
    "option_name": "Dell Connectivity Client - Disabled 17G",
    "option_id": "G2QT39O",
    "skus": [
      "379-BFXT",
      "634-CZRP"
    ],
    "qty": 1,
    "option_price": 0.0
  },
  {
    "source_row_index": 26,
    "row_kind": "ITEM",
    "group_name": null,
    "group_id": null,
    "product_name": null,
    "module_name": "Power Supply",
    "option_name": "Dual, Fully Redundant (1+1),Hot-Plug MHS Power Supply, 1500W MM, Titanium",
    "option_id": "GACKFS4",
    "skus": [
      "450-BCWT"
    ],
    "qty": 1,
    "option_price": 2294.0
  },
  {
    "source_row_index": 27,
    "row_kind": "ITEM",
    "group_name": null,
    "group_id": null,
    "product_name": null,
    "module_name": "Power Cords",
    "option_name": "Rack Power Cord 2M (C13/C14 10A)",
    "option_id": "GDE0CHU",
    "skus": [
      "450-AADY"
    ],
    "qty": 2,
    "option_price": 50.0
  },
  {
    "source_row_index": 28,
    "row_kind": "ITEM",
    "group_name": null,
    "group_id": null,
    "product_name": null,
    "module_name": "PCIe Riser",
    "option_name": "Riser Config 6-2, Rear FH, Rear 2x16 FH (G5), 1x8/1x16 OCP (G5), 2nd OCP x16 (G5), 2x16 DWFL (G5)",
    "option_id": "G2FOC6J",
    "skus": [
      "330-BCZG"
    ],
    "qty": 1,
    "option_price": 1086.0
  },
  {
    "source_row_index": 29,
    "row_kind": "ITEM",
    "group_name": null,
    "group_id": null,
    "product_name": null,
    "module_name": "Motherboard",
    "option_name": "PowerEdge R770 Motherboard for RTS1.2, ROW",
    "option_id": "G7OMQTN",
    "skus": [
      "338-CRTY"
    ],
    "qty": 1,
    "option_price": 0.0
  },
  {
    "source_row_index": 30,
    "row_kind": "ITEM",
    "group_name": null,
    "group_id": null,
    "product_name": null,
    "module_name": "OCP 3.0 Network Adapters",
    "option_name": "Broadcom 57504 Quad Port 10/25GbE, SFP28, OCP 3.0 NIC",
    "option_id": "GAKY4CT",
    "skus": [
      "540-BCRX"
    ],
    "qty": 2,
    "option_price": 1648.0
  },
  {
    "source_row_index": 31,
    "row_kind": "ITEM",
    "group_name": null,
    "group_id": null,
    "product_name": null,
    "module_name": "OCP 3.0 Accessories",
    "option_name": "2 OCP - No Cable",
    "option_id": "GDIOK4A",
    "skus": [
      "780-BCZQ"
    ],
    "qty": 1,
    "option_price": 0.0
  },
  {
    "source_row_index": 32,
    "row_kind": "ITEM",
    "group_name": null,
    "group_id": null,
    "product_name": null,
    "module_name": "BMC Password",
    "option_name": "iDRAC Legacy Password for OCP cards",
    "option_id": "GI1M6T9",
    "skus": [
      "379-BETF"
    ],
    "qty": 1,
    "option_price": 0.0
  },
  {
    "source_row_index": 33,
    "row_kind": "ITEM",
    "group_name": null,
    "group_id": null,
    "product_name": null,
    "module_name": "Bezel",
    "option_name": "No Bezel",
    "option_id": "GN28IOG",
    "skus": [
      "350-BBBW",
      "350-BCYM"
    ],
    "qty": 1,
    "option_price": 0.0
  },
  {
    "source_row_index": 34,
    "row_kind": "ITEM",
    "group_name": null,
    "group_id": null,
    "product_name": null,
    "module_name": "Acceleration Cards Cables",
    "option_name": "No DPUs Cable Required, No DPU",
    "option_id": "GV6CUGB",
    "skus": [
      "470-AEYU"
    ],
    "qty": 1,
    "option_price": 0.0
  },
  {
    "source_row_index": 35,
    "row_kind": "ITEM",
    "group_name": null,
    "group_id": null,
    "product_name": null,
    "module_name": "GPU/FPGA/Acceleration Cables",
    "option_name": "No Cables Required, No GPU Blanks",
    "option_id": "G0PNZWL",
    "skus": [
      "470-AEYU"
    ],
    "qty": 1,
    "option_price": 0.0
  },
  {
    "source_row_index": 36,
    "row_kind": "ITEM",
    "group_name": null,
    "group_id": null,
    "product_name": null,
    "module_name": "Boot Optimized Storage Cards",
    "option_name": "No BOSS card, Rear Blank",
    "option_id": "GVQU07E",
    "skus": [
      "470-BCHP"
    ],
    "qty": 1,
    "option_price": 0.0
  },
  {
    "source_row_index": 37,
    "row_kind": "ITEM",
    "group_name": null,
    "group_id": null,
    "product_name": null,
    "module_name": "Operating System",
    "option_name": "No Operating System",
    "option_id": "G78MU35",
    "skus": [
      "611-BBBF"
    ],
    "qty": 1,
    "option_price": 0.0
  },
  {
    "source_row_index": 38,
    "row_kind": "ITEM",
    "group_name": null,
    "group_id": null,
    "product_name": null,
    "module_name": "OS Media Kits",
    "option_name": "No Media Required",
    "option_id": "GKH7AZI",
    "skus": [
      "605-BBFN"
    ],
    "qty": 1,
    "option_price": 0.0
  },
  {
    "source_row_index": 39,
    "row_kind": "ITEM",
    "group_name": null,
    "group_id": null,
    "product_name": null,
    "module_name": "Dell Secure Onboarding",
    "option_name": "Dell Secure Onboarding Client 17G - Disabled",
    "option_id": "GEZIN59",
    "skus": [
      "634-CZWJ"
    ],
    "qty": 1,
    "option_price": 0.0
  },
  {
    "source_row_index": 40,
    "row_kind": "ITEM",
    "group_name": null,
    "group_id": null,
    "product_name": null,
    "module_name": "Rack Rails",
    "option_name": "ReadyRails Sliding Rails Without Cable Management Arm",
    "option_id": "GG493AN",
    "skus": [
      "770-BDZP"
    ],
    "qty": 1,
    "option_price": 124.0
  },
  {
    "source_row_index": 41,
    "row_kind": "ITEM",
    "group_name": null,
    "group_id": null,
    "product_name": null,
    "module_name": "KVM",
    "option_name": "Blank Left Ear Module",
    "option_id": "GRDXJM0",
    "skus": [
      "350-BCYL"
    ],
    "qty": 1,
    "option_price": 0.0
  },
  {
    "source_row_index": 42,
    "row_kind": "ITEM",
    "group_name": null,
    "group_id": null,
    "product_name": null,
    "module_name": "Shipping",
    "option_name": "PowerEdge R770 Shipping EMEA1 (English/French/German/Spanish/Russian/Hebrew)",
    "option_id": "GOYN50J",
    "skus": [
      "340-DRWG",
      "340-DSDY"
    ],
    "qty": 1,
    "option_price": 15.0
  },
  {
    "source_row_index": 43,
    "row_kind": "ITEM",
    "group_name": null,
    "group_id": null,
    "product_name": null,
    "module_name": "Shipping Material",
    "option_name": "PowerEdge 2U Shipping Material",
    "option_id": "G6KFYLA",
    "skus": [
      "340-DPDX"
    ],
    "qty": 1,
    "option_price": 75.0
  },
  {
    "source_row_index": 44,
    "row_kind": "ITEM",
    "group_name": null,
    "group_id": null,
    "product_name": null,
    "module_name": "Regulatory",
    "option_name": "PowerEdge No CCC, CE Label Marking",
    "option_id": "GOC6PGW",
    "skus": [
      "389-FHJB"
    ],
    "qty": 1,
    "option_price": 0.0
  },
  {
    "source_row_index": 45,
    "row_kind": "ITEM",
    "group_name": null,
    "group_id": null,
    "product_name": null,
    "module_name": "ECCN",
    "option_name": "Decline Selection",
    "option_id": "GRO1P6G",
    "skus": [
      "817-BBBP"
    ],
    "qty": 1,
    "option_price": 0.0
  },
  {
    "source_row_index": 46,
    "row_kind": "ITEM",
    "group_name": null,
    "group_id": null,
    "product_name": null,
    "module_name": "Dell Services: Hardware Support",
    "option_name": "Parts Only Warranty 12Months, 12 Month(s)",
    "option_id": "GH6SA5P",
    "skus": [
      "709-BBIY"
    ],
    "qty": 1,
    "option_price": 0.01
  },
  {
    "source_row_index": 47,
    "row_kind": "ITEM",
    "group_name": null,
    "group_id": null,
    "product_name": null,
    "module_name": "Dell Services:Extended Service",
    "option_name": "ProSupport and Next Business Day Onsite Service, 36 Month(s)",
    "option_id": "G4ASPON",
    "skus": [
      "865-BBLL",
      "865-BBLM"
    ],
    "qty": 1,
    "option_price": 4348.35
  },
  {
    "source_row_index": 48,
    "row_kind": "ITEM",
    "group_name": null,
    "group_id": null,
    "product_name": null,
    "module_name": "Anti Theft Device & Asset Tagging",
    "option_name": "Asset Tag - ProSupport (Website, barcode, Onboard MacAddress)",
    "option_id": "G2K1LTI",
    "skus": [
      "293-10025"
    ],
    "qty": 1,
    "option_price": 20.0
  },
  {
    "source_row_index": 49,
    "row_kind": "ITEM",
    "group_name": null,
    "group_id": null,
    "product_name": null,
    "module_name": "Shipping Box Labels - Standard",
    "option_name": "Order Configuration Shipbox Label (Ship Date, Model, Processor Speed, HDD Size, RAM)",
    "option_id": "GDZ0XTY",
    "skus": [
      "293-10049"
    ],
    "qty": 1,
    "option_price": 18.0
  },
  {
    "source_row_index": 50,
    "row_kind": "HEADER",
    "group_name": "Group 1",
    "group_id": "6462871.1.1",
    "product_name": "PowerEdge R570 - Full Configuration - [EMEA_R570]",
    "module_name": "",
    "option_name": "",
    "option_id": null,
    "skus": [],
    "qty": 0,
    "option_price": 0.0
  },
  {
    "source_row_index": 51,
    "row_kind": "ITEM",
    "group_name": null,
    "group_id": null,
    "product_name": null,
    "module_name": "Base",
    "option_name": "PowerEdge R570 Server, Enterprise",
    "option_id": "GNXI284",
    "skus": [
      "210-BPCH"
    ],
    "qty": 1,
    "option_price": 3026.0
  },
  {
    "source_row_index": 52,
    "row_kind": "ITEM",
    "group_name": null,
    "group_id": null,
    "product_name": null,
    "module_name": "Chassis Configuration",
    "option_name": "3.5\" Chassis with up to 12 SAS4/SATA Drives, PERC 12 (H965i or H365i)",
    "option_id": "GB0O3UP",
    "skus": [
      "321-BMCC"
    ],
    "qty": 1,
    "option_price": 804.0
  },
  {
    "source_row_index": 53,
    "row_kind": "ITEM",
    "group_name": null,
    "group_id": null,
    "product_name": null,
    "module_name": "Processor",
    "option_name": "Intel® Xeon® 6 Performance 6511P 2.3G, 16C/32T, 72M Cache, Turbo, (150W) DDR5-6400",
    "option_id": "GX7DJPN",
    "skus": [
      "338-CTBM"
    ],
    "qty": 1,
    "option_price": 1999.0
  },
  {
    "source_row_index": 54,
    "row_kind": "ITEM",
    "group_name": null,
    "group_id": null,
    "product_name": null,
    "module_name": "Thermal Configuration",
    "option_name": "Heatsink for 1 CPU Configuration (CPU greater than 250W)",
    "option_id": "GDH1GEY",
    "skus": [
      "412-BBMC"
    ],
    "qty": 1,
    "option_price": 145.0
  },
  {
    "source_row_index": 55,
    "row_kind": "ITEM",
    "group_name": null,
    "group_id": null,
    "product_name": null,
    "module_name": "Memory Configuration Type",
    "option_name": "Performance Optimized",
    "option_id": "GH9QBEI",
    "skus": [
      "370-AAIP"
    ],
    "qty": 1,
    "option_price": 0.0
  },
  {
    "source_row_index": 56,
    "row_kind": "ITEM",
    "group_name": null,
    "group_id": null,
    "product_name": null,
    "module_name": "Memory DIMM Type and Speed",
    "option_name": "6400MT/s RDIMMs",
    "option_id": "GL7EXYA",
    "skus": [
      "370-BCCX"
    ],
    "qty": 1,
    "option_price": 0.0
  },
  {
    "source_row_index": 57,
    "row_kind": "ITEM",
    "group_name": null,
    "group_id": null,
    "product_name": null,
    "module_name": "Memory Capacity",
    "option_name": "32GB RDIMM, 6400MT/s, Dual Rank",
    "option_id": "G3XFPTJ",
    "skus": [
      "370-BCCY"
    ],
    "qty": 8,
    "option_price": 13536.0
  },
  {
    "source_row_index": 58,
    "row_kind": "ITEM",
    "group_name": null,
    "group_id": null,
    "product_name": null,
    "module_name": "RAID Configuration",
    "option_name": "C3, RAID 1 for 2 HDDs or SSDs (Matching Type/Speed/Capacity)",
    "option_id": "GOV1697",
    "skus": [
      "780-BCDN"
    ],
    "qty": 1,
    "option_price": 0.0
  },
  {
    "source_row_index": 59,
    "row_kind": "ITEM",
    "group_name": null,
    "group_id": null,
    "product_name": null,
    "module_name": "RAID/Internal Storage Controllers",
    "option_name": "PERC H365i Adapter Full Height",
    "option_id": "GIZE6KN",
    "skus": [
      "405-BBDB"
    ],
    "qty": 1,
    "option_price": 926.0
  },
  {
    "source_row_index": 60,
    "row_kind": "ITEM",
    "group_name": null,
    "group_id": null,
    "product_name": null,
    "module_name": "Hard Drives",
    "option_name": "480GB SSD SATA Read Intensive 6Gbps 512e 2.5in Hot-plug AG Drive,3.5in HYB CARR, 1 DWPD",
    "option_id": "G48QICJ",
    "skus": [
      "400-AXRJ"
    ],
    "qty": 2,
    "option_price": 1788.0
  },
  {
    "source_row_index": 61,
    "row_kind": "ITEM",
    "group_name": null,
    "group_id": null,
    "product_name": null,
    "module_name": "BIOS and Advanced System Configuration Settings",
    "option_name": "Power Saving BIOS Setting",
    "option_id": "GEARJ9V",
    "skus": [
      "384-BBBH"
    ],
    "qty": 1,
    "option_price": 0.0
  },
  {
    "source_row_index": 62,
    "row_kind": "ITEM",
    "group_name": null,
    "group_id": null,
    "product_name": null,
    "module_name": "Advanced System Configurations",
    "option_name": "UEFI BIOS Boot Mode with GPT Partition",
    "option_id": "GSFTG4Y",
    "skus": [
      "800-BBDM"
    ],
    "qty": 1,
    "option_price": 0.0
  },
  {
    "source_row_index": 63,
    "row_kind": "ITEM",
    "group_name": null,
    "group_id": null,
    "product_name": null,
    "module_name": "Fans",
    "option_name": "PowerEdge 2U High Performance Gold Fan",
    "option_id": "GMNF9BE",
    "skus": [
      "384-BDQR"
    ],
    "qty": 1,
    "option_price": 447.0
  },
  {
    "source_row_index": 64,
    "row_kind": "ITEM",
    "group_name": null,
    "group_id": null,
    "product_name": null,
    "module_name": "Power Supply",
    "option_name": "Dual, Fully Redundant (1+1),Hot-Plug MHS Power Supply, 1500W MM (100-240Vac) Titanium",
    "option_id": "GPT0Z4D",
    "skus": [
      "450-BCXC"
    ],
    "qty": 1,
    "option_price": 2294.0
  },
  {
    "source_row_index": 65,
    "row_kind": "ITEM",
    "group_name": null,
    "group_id": null,
    "product_name": null,
    "module_name": "Power Cords",
    "option_name": "Rack Power Cord 2M (C13/C14 10A)",
    "option_id": "GDE0CHU",
    "skus": [
      "450-AADY"
    ],
    "qty": 2,
    "option_price": 50.0
  },
  {
    "source_row_index": 66,
    "row_kind": "ITEM",
    "group_name": null,
    "group_id": null,
    "product_name": null,
    "module_name": "PCIe Riser",
    "option_name": "Riser Config 10, Rear Full Height 1x16 Onboard OCP, 1x16 FLOP OCP, 3x16 FH (Gen5)",
    "option_id": "GDUW7IY",
    "skus": [
      "330-BDFP"
    ],
    "qty": 1,
    "option_price": 1086.0
  },
  {
    "source_row_index": 67,
    "row_kind": "ITEM",
    "group_name": null,
    "group_id": null,
    "product_name": null,
    "module_name": "Motherboard",
    "option_name": "PowerEdge R570 Motherboard, ROW",
    "option_id": "GTV128M",
    "skus": [
      "384-BDXZ"
    ],
    "qty": 1,
    "option_price": 0.0
  },
  {
    "source_row_index": 68,
    "row_kind": "ITEM",
    "group_name": null,
    "group_id": null,
    "product_name": null,
    "module_name": "OCP 3.0 Accessories",
    "option_name": "2 OCP - No Cable",
    "option_id": "GDIOK4A",
    "skus": [
      "780-BCZQ"
    ],
    "qty": 1,
    "option_price": 0.0
  },
  {
    "source_row_index": 69,
    "row_kind": "ITEM",
    "group_name": null,
    "group_id": null,
    "product_name": null,
    "module_name": "External Controller",
    "option_name": "HBA465e Adapter Full Height DIB",
    "option_id": "GMA6R5U",
    "skus": [
      "405-BBDC"
    ],
    "qty": 1,
    "option_price": 1309.0
  },
  {
    "source_row_index": 70,
    "row_kind": "ITEM",
    "group_name": null,
    "group_id": null,
    "product_name": null,
    "module_name": "Bezel",
    "option_name": "No Bezel",
    "option_id": "GPVC5TS",
    "skus": [
      "350-BBBW",
      "350-BDDF"
    ],
    "qty": 1,
    "option_price": 0.0
  },
  {
    "source_row_index": 71,
    "row_kind": "ITEM",
    "group_name": null,
    "group_id": null,
    "product_name": null,
    "module_name": "Boot Optimized Storage Cards",
    "option_name": "No BOSS card, Rear Blank",
    "option_id": "GVQU07E",
    "skus": [
      "470-BCHP"
    ],
    "qty": 1,
    "option_price": 0.0
  },
  {
    "source_row_index": 72,
    "row_kind": "ITEM",
    "group_name": null,
    "group_id": null,
    "product_name": null,
    "module_name": "Operating System",
    "option_name": "No Operating System",
    "option_id": "G78MU35",
    "skus": [
      "611-BBBF"
    ],
    "qty": 1,
    "option_price": 0.0
  },
  {
    "source_row_index": 73,
    "row_kind": "ITEM",
    "group_name": null,
    "group_id": null,
    "product_name": null,
    "module_name": "OS Media Kits",
    "option_name": "No Media Required",
    "option_id": "GKH7AZI",
    "skus": [
      "605-BBFN"
    ],
    "qty": 1,
    "option_price": 0.0
  },
  {
    "source_row_index": 74,
    "row_kind": "ITEM",
    "group_name": null,
    "group_id": null,
    "product_name": null,
    "module_name": "Embedded Systems Management",
    "option_name": "iDRAC10, Datacenter 17G",
    "option_id": "GO51DJW",
    "skus": [
      "634-CSHS",
      "634-CSHT",
      "634-CSHV"
    ],
    "qty": 1,
    "option_price": 2553.0
  },
  {
    "source_row_index": 75,
    "row_kind": "ITEM",
    "group_name": null,
    "group_id": null,
    "product_name": null,
    "module_name": "Embedded Systems Management",
    "option_name": "Dell Connectivity Client - Disabled 17G",
    "option_id": "G2QT39O",
    "skus": [
      "379-BFXT",
      "634-CZRP"
    ],
    "qty": 1,
    "option_price": 0.0
  },
  {
    "source_row_index": 76,
    "row_kind": "ITEM",
    "group_name": null,
    "group_id": null,
    "product_name": null,
    "module_name": "Dell Secure Onboarding",
    "option_name": "Dell Secure Onboarding Client 17G - Disabled",
    "option_id": "GEZIN59",
    "skus": [
      "634-CZWJ"
    ],
    "qty": 1,
    "option_price": 0.0
  },
  {
    "source_row_index": 77,
    "row_kind": "ITEM",
    "group_name": null,
    "group_id": null,
    "product_name": null,
    "module_name": "KVM",
    "option_name": "Blank Left Ear Module",
    "option_id": "GGRSXB9",
    "skus": [
      "350-BDDG"
    ],
    "qty": 1,
    "option_price": 0.0
  },
  {
    "source_row_index": 78,
    "row_kind": "ITEM",
    "group_name": null,
    "group_id": null,
    "product_name": null,
    "module_name": "BMC Password",
    "option_name": "iDRAC Legacy Password for OCP cards",
    "option_id": "GI1M6T9",
    "skus": [
      "379-BETF"
    ],
    "qty": 1,
    "option_price": 0.0
  },
  {
    "source_row_index": 79,
    "row_kind": "ITEM",
    "group_name": null,
    "group_id": null,
    "product_name": null,
    "module_name": "Rack Rails",
    "option_name": "ReadyRails Sliding Rails Without Cable Management Arm",
    "option_id": "GG493AN",
    "skus": [
      "770-BDZP"
    ],
    "qty": 1,
    "option_price": 124.0
  },
  {
    "source_row_index": 80,
    "row_kind": "ITEM",
    "group_name": null,
    "group_id": null,
    "product_name": null,
    "module_name": "Shipping",
    "option_name": "PowerEdge R570 Shipping EMEA1 (English/French/German/Spanish/Russian/Hebrew)",
    "option_id": "G8YI5Z2",
    "skus": [
      "340-DRWG",
      "340-DWNF"
    ],
    "qty": 1,
    "option_price": 15.0
  },
  {
    "source_row_index": 81,
    "row_kind": "ITEM",
    "group_name": null,
    "group_id": null,
    "product_name": null,
    "module_name": "Shipping Material",
    "option_name": "PowerEdge 2U Shipping Material",
    "option_id": "G6KFYLA",
    "skus": [
      "340-DPDX"
    ],
    "qty": 1,
    "option_price": 75.0
  },
  {
    "source_row_index": 82,
    "row_kind": "ITEM",
    "group_name": null,
    "group_id": null,
    "product_name": null,
    "module_name": "Regulatory",
    "option_name": "PowerEdge No CCC, CE Label Marking",
    "option_id": "GOC6PGW",
    "skus": [
      "389-FHJB"
    ],
    "qty": 1,
    "option_price": 0.0
  },
  {
    "source_row_index": 83,
    "row_kind": "ITEM",
    "group_name": null,
    "group_id": null,
    "product_name": null,
    "module_name": "GPU/FPGA/Acceleration Cables",
    "option_name": "No Cables Required, No GPU Blanks",
    "option_id": "G0PNZWL",
    "skus": [
      "470-AEYU"
    ],
    "qty": 1,
    "option_price": 0.0
  },
  {
    "source_row_index": 84,
    "row_kind": "ITEM",
    "group_name": null,
    "group_id": null,
    "product_name": null,
    "module_name": "Multi Selection Network Adapter",
    "option_name": "Broadcom 57504 Quad Port 10/25GbE, SFP28, OCP 3.0 NIC",
    "option_id": "GAKY4CT",
    "skus": [
      "540-BCRX"
    ],
    "qty": 2,
    "option_price": 1648.0
  },
  {
    "source_row_index": 85,
    "row_kind": "ITEM",
    "group_name": null,
    "group_id": null,
    "product_name": null,
    "module_name": "SFP Modules (Multi)",
    "option_name": "Dell Networking, Cable, SFP28 to SFP28, 25GbE, Passive Copper Twinax Direct Attach Cable, 3 Meter",
    "option_id": "GU0B9PV",
    "skus": [
      "470-ACEV"
    ],
    "qty": 8,
    "option_price": 984.0
  },
  {
    "source_row_index": 86,
    "row_kind": "ITEM",
    "group_name": null,
    "group_id": null,
    "product_name": null,
    "module_name": "Cables",
    "option_name": "No DPUs Cable Required, No DPU",
    "option_id": "GV6CUGB",
    "skus": [
      "470-AEYU"
    ],
    "qty": 1,
    "option_price": 0.0
  },
  {
    "source_row_index": 87,
    "row_kind": "ITEM",
    "group_name": null,
    "group_id": null,
    "product_name": null,
    "module_name": "Dell Services: Hardware Support",
    "option_name": "Parts Only Warranty 12Months, 12 Month(s)",
    "option_id": "GF03X6K",
    "skus": [
      "709-BBIX"
    ],
    "qty": 1,
    "option_price": 0.01
  },
  {
    "source_row_index": 88,
    "row_kind": "ITEM",
    "group_name": null,
    "group_id": null,
    "product_name": null,
    "module_name": "Extended Service",
    "option_name": "ProSupport and Next Business Day Onsite Service, 36 Month(s)",
    "option_id": "G4ASPON",
    "skus": [
      "865-BBLL",
      "865-BBLM"
    ],
    "qty": 1,
    "option_price": 2166.18
  },
  {
    "source_row_index": 89,
    "row_kind": "ITEM",
    "group_name": null,
    "group_id": null,
    "product_name": null,
    "module_name": "Anti Theft Device & Asset Tagging",
    "option_name": "Asset Tag - ProSupport (Website, barcode, Onboard MacAddress)",
    "option_id": "G2K1LTI",
    "skus": [
      "293-10025"
    ],
    "qty": 1,
    "option_price": 20.0
  },
  {
    "source_row_index": 90,
    "row_kind": "ITEM",
    "group_name": null,
    "group_id": null,
    "product_name": null,
    "module_name": "Shipping Box Labels - Standard",
    "option_name": "Order Configuration Shipbox Label (Ship Date, Model, Processor Speed, HDD Size, RAM)",
    "option_id": "GDZ0XTY",
    "skus": [
      "293-10049"
    ],
    "qty": 1,
    "option_price": 18.0
  },
  {
    "source_row_index": 91,
    "row_kind": "HEADER",
    "group_name": "Group 1",
    "group_id": "6462871.1.1",
    "product_name": "Broadcom 57504 Quad Port 10/25GbE,SFP28, OCP NIC 3.0 Customer Install - [G0T2H1J]",
    "module_name": "",
    "option_name": "",
    "option_id": null,
    "skus": [],
    "qty": 0,
    "option_price": 0.0
  },
  {
    "source_row_index": 92,
    "row_kind": "ITEM",
    "group_name": null,
    "group_id": null,
    "product_name": null,
    "module_name": "",
    "option_name": "Broadcom 57504 Quad Port 10/25GbE,SFP28, OCP NIC 3.0 Customer Install",
    "option_id": "G0T2H1J",
    "skus": [
      "540-BCRY"
    ],
    "qty": 1,
    "option_price": 1262.99
  },
  {
    "source_row_index": 93,
    "row_kind": "HEADER",
    "group_name": "Group 1",
    "group_id": "6462871.1.1",
    "product_name": "Single, Hot-Plug MHS Power Supply, 1500W,Titanium, Customer Kit - [GECKNJ2]",
    "module_name": "",
    "option_name": "",
    "option_id": null,
    "skus": [],
    "qty": 0,
    "option_price": 0.0
  },
  {
    "source_row_index": 94,
    "row_kind": "ITEM",
    "group_name": null,
    "group_id": null,
    "product_name": null,
    "module_name": "",
    "option_name": "Single, Hot-Plug MHS Power Supply, 1500W,Titanium, Customer Kit",
    "option_id": "GECKNJ2",
    "skus": [
      "384-BDRL"
    ],
    "qty": 1,
    "option_price": 1048.99
  },
  {
    "source_row_index": 95,
    "row_kind": "HEADER",
    "group_name": "Group 1",
    "group_id": "6462871.1.1",
    "product_name": "800G Data Center NVMe Mixed Use AG Drive U2 with carrier, Customer Kit - [GBNR6MG]",
    "module_name": "",
    "option_name": "",
    "option_id": null,
    "skus": [],
    "qty": 0,
    "option_price": 0.0
  },
  {
    "source_row_index": 96,
    "row_kind": "ITEM",
    "group_name": null,
    "group_id": null,
    "product_name": null,
    "module_name": "",
    "option_name": "800G Data Center NVMe Mixed Use AG Drive U2 with carrier, Customer Kit",
    "option_id": "GBNR6MG",
    "skus": [
      "345-BKBV"
    ],
    "qty": 1,
    "option_price": 2617.99
  },
  {
    "source_row_index": 97,
    "row_kind": "HEADER",
    "group_name": "Group 1",
    "group_id": "6462871.1.1",
    "product_name": "PERC H965i Controller, Front, DC-MHS, CK - [GJY2RPD]",
    "module_name": "",
    "option_name": "",
    "option_id": null,
    "skus": [],
    "qty": 0,
    "option_price": 0.0
  },
  {
    "source_row_index": 98,
    "row_kind": "ITEM",
    "group_name": null,
    "group_id": null,
    "product_name": null,
    "module_name": "",
    "option_name": "PERC H965i Controller, Front, DCMHS, CK",
    "option_id": "GJY2RPD",
    "skus": [
      "403-BDMW"
    ],
    "qty": 1,
    "option_price": 2734.99
  },
  {
    "source_row_index": 99,
    "row_kind": "HEADER",
    "group_name": "Group 1",
    "group_id": "6462871.1.1",
    "product_name": "Intel® Xeon® 6 Performance 6737P 2.9G, 32C/64T, 24GT/s, 144M Cache, Turbo, (270W) DDR5-6400,Cust KIT - [GD7FALO]",
    "module_name": "",
    "option_name": "",
    "option_id": null,
    "skus": [],
    "qty": 0,
    "option_price": 0.0
  },
  {
    "source_row_index": 100,
    "row_kind": "ITEM",
    "group_name": null,
    "group_id": null,
    "product_name": null,
    "module_name": "",
    "option_name": "Intel Xeon 6 Performance 6737P 2.9G, 32C/64T, 24GT/s, 144M Cache, Turbo, (270W) DDR5-6400,Customer Install",
    "option_id": "GD7FALO",
    "skus": [
      "338-CSZN"
    ],
    "qty": 1,
    "option_price": 10461.99
  },
  {
    "source_row_index": 101,
    "row_kind": "HEADER",
    "group_name": "Group 1",
    "group_id": "6462871.1.1",
    "product_name": "Intel® Xeon® 6 Performance 6511P 2.5G, 16C/32T, 72M Cache, Turbo, (150W) DDR5-6400,Cust KIT - [GZ37GYR]",
    "module_name": "",
    "option_name": "",
    "option_id": null,
    "skus": [],
    "qty": 0,
    "option_price": 0.0
  },
  {
    "source_row_index": 102,
    "row_kind": "ITEM",
    "group_name": null,
    "group_id": null,
    "product_name": null,
    "module_name": "",
    "option_name": "Intel Xeon 6 Performance 6511P 2.5G, 16C/32T, 72M Cache, Turbo, (150W) DDR5-6400,Customer Install",
    "option_id": "GZ37GYR",
    "skus": [
      "338-CSZP"
    ],
    "qty": 1,
    "option_price": 1724.99
  },
  {
    "source_row_index": 103,
    "row_kind": "HEADER",
    "group_name": "Group 1",
    "group_id": "6462871.1.1",
    "product_name": "HBA465e Adapter Full Height/Low Profile, Customer Kit - [GYQJ98N]",
    "module_name": "",
    "option_name": "",
    "option_id": null,
    "skus": [],
    "qty": 0,
    "option_price": 0.0
  },
  {
    "source_row_index": 104,
    "row_kind": "ITEM",
    "group_name": null,
    "group_id": null,
    "product_name": null,
    "module_name": "",
    "option_name": "HBA465e Adapter Full Height/Low Profile, CK",
    "option_id": "GYQJ98N",
    "skus": [
      "405-BBDD"
    ],
    "qty": 1,
    "option_price": 2399.0
  },
  {
    "source_row_index": 105,
    "row_kind": "HEADER",
    "group_name": "Group 1",
    "group_id": "6462871.1.1",
    "product_name": "SC Cable, SFP28 to SFP28, 25GbE, Passive Copper Twinax Direct Attach Cable, 3 Meter, Cus Kit - [GJW8VU2]",
    "module_name": "",
    "option_name": "",
    "option_id": null,
    "skus": [],
    "qty": 0,
    "option_price": 0.0
  },
  {
    "source_row_index": 106,
    "row_kind": "ITEM",
    "group_name": null,
    "group_id": null,
    "product_name": null,
    "module_name": "",
    "option_name": "SC Cable, SFP28 to SFP28, 25GbE, Passive Copper Twinax Direct Attach Cable, 3 Meter, Cus Kit",
    "option_id": "GJW8VU2",
    "skus": [
      "470-ADDO"
    ],
    "qty": 1,
    "option_price": 230.0
  },
  {
    "source_row_index": 107,
    "row_kind": "HEADER",
    "group_name": null,
    "group_id": null,
    "product_name": null,
    "module_name": "",
    "option_name": "",
    "option_id": null,
    "skus": [],
    "qty": 0,
    "option_price": 0.0
  },
  {
    "source_row_index": 108,
    "row_kind": "HEADER",
    "group_name": null,
    "group_id": null,
    "product_name": null,
    "module_name": "",
    "option_name": "",
    "option_id": null,
    "skus": [],
    "qty": 0,
    "option_price": 0.0
  },
  {
    "source_row_index": 109,
    "row_kind": "HEADER",
    "group_name": null,
    "group_id": null,
    "product_name": null,
    "module_name": "",
    "option_name": "",
    "option_id": null,
    "skus": [],
    "qty": 0,
    "option_price": 0.0
  }
]