[
  {
    "Group Name": "Group 1",
    "Group ID": "6476658.1.1",
    "Product Name": "PowerEdge R6715 - Full Configuration - [EMEA_R6715] ",
    "Product Qty": 1.0,
    "Unit Price (List)": 45067.51,
    "Extended Price (List)": 45067.51,
    "Module Name": NaN,
    "Option ID": NaN,
    "Option Name": NaN,
    "Option List Price": NaN,
    "SKUs": NaN,
    "Qty": NaN,
    "Parent Order Code": NaN,
    "__row_index__": 8
  },
  {
    "Group Name": NaN,
    "Group ID": NaN,
    "Product Name": NaN,
    "Product Qty": NaN,
    "Unit Price (List)": NaN,
    "Extended Price (List)": NaN,
    "Module Name": "PowerEdge R6715",
    "Option ID": "G0Q4I72",
    "Option Name": "PowerEdge R6715 Server",
    "Option List Price": 3566.0,
    "SKUs": "210-BNRK",
    "Qty": 1.0,
    "Parent Order Code": NaN,
    "__row_index__": 9
  },
  {
    "Group Name": NaN,
    "Group ID": NaN,
    "Product Name": NaN,
    "Product Qty": NaN,
    "Unit Price (List)": NaN,
    "Extended Price (List)": NaN,
    "Module Name": "Chassis Configuration",
    "Option ID": "GFEP3DJ",
    "Option Name": "2.5\" Chassis with up to 8 NVMe Hardware RAID Drives, Front PERC 12",
    "Option List Price": 792.0,
    "SKUs": "321-BLMP, 750-BBPB",
    "Qty": 1.0,
    "Parent Order Code": NaN,
    "__row_index__": 10
  },
  {
    "Group Name": NaN,
    "Group ID": NaN,
    "Product Name": NaN,
    "Product Qty": NaN,
    "Unit Price (List)": NaN,
    "Extended Price (List)": NaN,
    "Module Name": "Processor",
    "Option ID": "G3RFLT4",
    "Option Name": "AMD EPYC 9355P 3.55GHz, 32C/64T, 256 Cache (280W) DDR5-6400",
    "Option List Price": 5400.0,
    "SKUs": "338-CRCD",
    "Qty": 1.0,
    "Parent Order Code": NaN,
    "__row_index__": 11
  },
  {
    "Group Name": NaN,
    "Group ID": NaN,
    "Product Name": NaN,
    "Product Qty": NaN,
    "Unit Price (List)": NaN,
    "Extended Price (List)": NaN,
    "Module Name": "Processor Thermal Configuration",
    "Option ID": "GD7KT8P",
    "Option Name": "Heatsink for 1 CPU Configuration (CPU greater than 240W)",
    "Option List Price": 145.0,
    "SKUs": "412-BBLB",
    "Qty": 1.0,
    "Parent Order Code": NaN,
    "__row_index__": 12
  },
  {
    "Group Name": NaN,
    "Group ID": NaN,
    "Product Name": NaN,
    "Product Qty": NaN,
    "Unit Price (List)": NaN,
    "Extended Price (List)": NaN,
    "Module Name": "Memory Configuration Type",
    "Option ID": "G6VDIHE",
    "Option Name": "Performance Optimized",
    "Option List Price": 0.0,
    "SKUs": "370-AHLL",
    "Qty": 1.0,
    "Parent Order Code": NaN,
    "__row_index__": 13
  },
  {
    "Group Name": NaN,
    "Group ID": NaN,
    "Product Name": NaN,
    "Product Qty": NaN,
    "Unit Price (List)": NaN,
    "Extended Price (List)": NaN,
    "Module Name": "Memory DIMM Type and Speed",
    "Option ID": "GL7EXYA",
    "Option Name": "6400MT/s RDIMMs",
    "Option List Price": 0.0,
    "SKUs": "370-BCCX",
    "Qty": 1.0,
    "Parent Order Code": NaN,
    "__row_index__": 14
  },
  {
    "Group Name": NaN,
    "Group ID": NaN,
    "Product Name": NaN,
    "Product Qty": NaN,
    "Unit Price (List)": NaN,
    "Extended Price (List)": NaN,
    "Module Name": "Memory Capacity",
    "Option ID": "G9S8BKC",
    "Option Name": "64GB RDIMM, 6400MT/s, Dual Rank",
    "Option List Price": 12696.0,
    "SKUs": "370-BCCZ",
    "Qty": 4.0,
    "Parent Order Code": NaN,
    "__row_index__": 15
  },
  {
    "Group Name": NaN,
    "Group ID": NaN,
    "Product Name": NaN,
    "Product Qty": NaN,
    "Unit Price (List)": NaN,
    "Extended Price (List)": NaN,
    "Module Name": "RAID Configuration",
    "Option ID": "G6XZNR9",
    "Option Name": "C31, No RAID with NVMe and front PERC",
    "Option List Price": 0.01,
    "SKUs": "379-BEGI",
    "Qty": 1.0,
    "Parent Order Code": NaN,
    "__row_index__": 16
  },
  {
    "Group Name": NaN,
    "Group ID": NaN,
    "Product Name": NaN,
    "Product Qty": NaN,
    "Unit Price (List)": NaN,
    "Extended Price (List)": NaN,
    "Module Name": "RAID/Internal Storage Controllers",
    "Option ID": "G48B20G",
    "Option Name": "PERC H965i Controller, Front, DC-MHS",
    "Option List Price": 2637.0,
    "SKUs": "403-BDMY",
    "Qty": 1.0,
    "Parent Order Code": NaN,
    "__row_index__": 17
  },
  {
    "Group Name": NaN,
    "Group ID": NaN,
    "Product Name": NaN,
    "Product Qty": NaN,
    "Unit Price (List)": NaN,
    "Extended Price (List)": NaN,
    "Module Name": "Hard Drives",
    "Option ID": "GZ4G6T3",
    "Option Name": "No Hard Drive",
    "Option List Price": 0.0,
    "SKUs": "400-ABHL",
    "Qty": 1.0,
    "Parent Order Code": NaN,
    "__row_index__": 18
  },
  {
    "Group Name": NaN,
    "Group ID": NaN,
    "Product Name": NaN,
    "Product Qty": NaN,
    "Unit Price (List)": NaN,
    "Extended Price (List)": NaN,
    "Module Name": "Hard Drives (PCIe SSD/Flex Bay)",
    "Option ID": "GLGI57H",
    "Option Name": "3.84TB Data Center NVMe Read Intensive AG Drive U2  with Carrier",
    "Option List Price": 12976.0,
    "SKUs": "400-BMTN",
    "Qty": 2.0,
    "Parent Order Code": NaN,
    "__row_index__": 19
  },
  {
    "Group Name": NaN,
    "Group ID": NaN,
    "Product Name": NaN,
    "Product Qty": NaN,
    "Unit Price (List)": NaN,
    "Extended Price (List)": NaN,
    "Module Name": "BIOS and Advanced System Configuration Settings",
    "Option ID": "GEARJ9V",
    "Option Name": "Power Saving BIOS Setting",
    "Option List Price": 0.0,
    "SKUs": "384-BBBH",
    "Qty": 1.0,
    "Parent Order Code": NaN,
    "__row_index__": 20
  },
  {
    "Group Name": NaN,
    "Group ID": NaN,
    "Product Name": NaN,
    "Product Qty": NaN,
    "Unit Price (List)": NaN,
    "Extended Price (List)": NaN,
    "Module Name": "Advanced System Configurations",
    "Option ID": "G9IONL3",
    "Option Name": "No Energy Star",
    "Option List Price": 0.0,
    "SKUs": "387-BBEY",
    "Qty": 1.0,
    "Parent Order Code": NaN,
    "__row_index__": 21
  },
  {
    "Group Name": NaN,
    "Group ID": NaN,
    "Product Name": NaN,
    "Product Qty": NaN,
    "Unit Price (List)": NaN,
    "Extended Price (List)": NaN,
    "Module Name": "Advanced System Configurations",
    "Option ID": "GSFTG4Y",
    "Option Name": "UEFI BIOS Boot Mode with GPT Partition",
    "Option List Price": 0.0,
    "SKUs": "800-BBDM",
    "Qty": 1.0,
    "Parent Order Code": NaN,
    "__row_index__": 22
  },
  {
    "Group Name": NaN,
    "Group ID": NaN,
    "Product Name": NaN,
    "Product Qty": NaN,
    "Unit Price (List)": NaN,
    "Extended Price (List)": NaN,
    "Module Name": "Fans",
    "Option ID": "GFZPC2Q",
    "Option Name": "PowerEdge 1U Standard Fan",
    "Option List Price": 248.0,
    "SKUs": "384-BDTT",
    "Qty": 1.0,
    "Parent Order Code": NaN,
    "__row_index__": 23
  },
  {
    "Group Name": NaN,
    "Group ID": NaN,
    "Product Name": NaN,
    "Product Qty": NaN,
    "Unit Price (List)": NaN,
    "Extended Price (List)": NaN,
    "Module Name": "Power Supply",
    "Option ID": "GPT0Z4D",
    "Option Name": "Dual, Fully Redundant (1+1),Hot-Plug MHS Power Supply, 1500W MM (100-240Vac) Titanium",
    "Option List Price": 2294.0,
    "SKUs": "450-BCXC",
    "Qty": 1.0,
    "Parent Order Code": NaN,
    "__row_index__": 24
  },
  {
    "Group Name": NaN,
    "Group ID": NaN,
    "Product Name": NaN,
    "Product Qty": NaN,
    "Unit Price (List)": NaN,
    "Extended Price (List)": NaN,
    "Module Name": "Power Cords",
    "Option ID": "GDE0CHU",
    "Option Name": "Rack Power Cord 2M (C13/C14 10A)",
    "Option List Price": 50.0,
    "SKUs": "450-AADY",
    "Qty": 2.0,
    "Parent Order Code": NaN,
    "__row_index__": 25
  },
  {
    "Group Name": NaN,
    "Group ID": NaN,
    "Product Name": NaN,
    "Product Qty": NaN,
    "Unit Price (List)": NaN,
    "Extended Price (List)": NaN,
    "Module Name": "PCIe Riser",
    "Option ID": "G14SN0H",
    "Option Name": "Riser Config 2, 2 x16 LP (Gen5)",
    "Option List Price": 402.0,
    "SKUs": "330-BCZX",
    "Qty": 1.0,
    "Parent Order Code": NaN,
    "__row_index__": 26
  },
  {
    "Group Name": NaN,
    "Group ID": NaN,
    "Product Name": NaN,
    "Product Qty": NaN,
    "Unit Price (List)": NaN,
    "Extended Price (List)": NaN,
    "Module Name": "Motherboard",
    "Option ID": "G5EJKSD",
    "Option Name": "PowerEdge R6715 Motherboard V2",
    "Option List Price": 0.0,
    "SKUs": "329-BLJB",
    "Qty": 1.0,
    "Parent Order Code": NaN,
    "__row_index__": 27
  },
  {
    "Group Name": NaN,
    "Group ID": NaN,
    "Product Name": NaN,
    "Product Qty": NaN,
    "Unit Price (List)": NaN,
    "Extended Price (List)": NaN,
    "Module Name": "OCP 3.0 Network Adapters",
    "Option ID": "GEMYN8F",
    "Option Name": "Intel Ethernet E610-XAT2 Dual Port 10GbE BASE-T Adapter, OCP 3.0 NIC",
    "Option List Price": 594.0,
    "SKUs": "540-BFNV",
    "Qty": 1.0,
    "Parent Order Code": NaN,
    "__row_index__": 28
  },
  {
    "Group Name": NaN,
    "Group ID": NaN,
    "Product Name": NaN,
    "Product Qty": NaN,
    "Unit Price (List)": NaN,
    "Extended Price (List)": NaN,
    "Module Name": "OCP 3.0 Accessories",
    "Option ID": "GN1I836",
    "Option Name": "1 OCP - No Cable",
    "Option List Price": 0.0,
    "SKUs": "780-BCZQ",
    "Qty": 1.0,
    "Parent Order Code": NaN,
    "__row_index__": 29
  },
  {
    "Group Name": NaN,
    "Group ID": NaN,
    "Product Name": NaN,
    "Product Qty": NaN,
    "Unit Price (List)": NaN,
    "Extended Price (List)": NaN,
    "Module Name": "Bezel",
    "Option ID": "GPH3T2N",
    "Option Name": "No Bezel for x8 and x10 Chassis",
    "Option List Price": 0.0,
    "SKUs": "321-BLFQ, 350-BBBW",
    "Qty": 1.0,
    "Parent Order Code": NaN,
    "__row_index__": 30
  },
  {
    "Group Name": NaN,
    "Group ID": NaN,
    "Product Name": NaN,
    "Product Qty": NaN,
    "Unit Price (List)": NaN,
    "Extended Price (List)": NaN,
    "Module Name": "Boot Optimized Storage Cards",
    "Option ID": "GVQU07E",
    "Option Name": "No BOSS card, Rear Blank",
    "Option List Price": 0.0,
    "SKUs": "470-BCHP",
    "Qty": 1.0,
    "Parent Order Code": NaN,
    "__row_index__": 31
  },
  {
    "Group Name": NaN,
    "Group ID": NaN,
    "Product Name": NaN,
    "Product Qty": NaN,
    "Unit Price (List)": NaN,
    "Extended Price (List)": NaN,
    "Module Name": "Operating System",
    "Option ID": "G78MU35",
    "Option Name": "No Operating System",
    "Option List Price": 0.0,
    "SKUs": "611-BBBF",
    "Qty": 1.0,
    "Parent Order Code": NaN,
    "__row_index__": 32
  },
  {
    "Group Name": NaN,
    "Group ID": NaN,
    "Product Name": NaN,
    "Product Qty": NaN,
    "Unit Price (List)": NaN,
    "Extended Price (List)": NaN,
    "Module Name": "OS Media Kits",
    "Option ID": "GKH7AZI",
    "Option Name": "No Media Required",
    "Option List Price": 0.0,
    "SKUs": "605-BBFN",
    "Qty": 1.0,
    "Parent Order Code": NaN,
    "__row_index__": 33
  },
  {
    "Group Name": NaN,
    "Group ID": NaN,
    "Product Name": NaN,
    "Product Qty": NaN,
    "Unit Price (List)": NaN,
    "Extended Price (List)": NaN,
    "Module Name": "Embedded Systems Management",
    "Option ID": "GN3OR80",
    "Option Name": "iDRAC10, Enterprise 17G",
    "Option List Price": 2167.0,
    "SKUs": "634-CSHS, 634-CSHT, 634-CSHY",
    "Qty": 1.0,
    "Parent Order Code": NaN,
    "__row_index__": 34
  },
  {
    "Group Name": NaN,
    "Group ID": NaN,
    "Product Name": NaN,
    "Product Qty": NaN,
    "Unit Price (List)": NaN,
    "Extended Price (List)": NaN,
    "Module Name": "Embedded Systems Management",
    "Option ID": "G2QT39O",
    "Option Name": "Dell Connectivity Client - Disabled 17G",
    "Option List Price": 0.0,
    "SKUs": "379-BFXT, 634-CZRP",
    "Qty": 1.0,
    "Parent Order Code": NaN,
    "__row_index__": 35
  },
  {
    "Group Name": NaN,
    "Group ID": NaN,
    "Product Name": NaN,
    "Product Qty": NaN,
    "Unit Price (List)": NaN,
    "Extended Price (List)": NaN,
    "Module Name": "Dell Secure Onboarding",
    "Option ID": "GEZIN59",
    "Option Name": "Dell Secure Onboarding Client 17G - Disabled",
    "Option List Price": 0.0,
    "SKUs": "634-CZWJ",
    "Qty": 1.0,
    "Parent Order Code": NaN,
    "__row_index__": 36
  },
  {
    "Group Name": NaN,
    "Group ID": NaN,
    "Product Name": NaN,
    "Product Qty": NaN,
    "Unit Price (List)": NaN,
    "Extended Price (List)": NaN,
    "Module Name": "KVM/Quick Sync",
    "Option ID": "GGLNSF9",
    "Option Name": "Blank Left Ear Module",
    "Option List Price": 0.0,
    "SKUs": "350-BCYJ",
    "Qty": 1.0,
    "Parent Order Code": NaN,
    "__row_index__": 37
  },
  {
    "Group Name": NaN,
    "Group ID": NaN,
    "Product Name": NaN,
    "Product Qty": NaN,
    "Unit Price (List)": NaN,
    "Extended Price (List)": NaN,
    "Module Name": "Password",
    "Option ID": "GI1M6T9",
    "Option Name": "iDRAC Legacy Password for OCP cards",
    "Option List Price": 0.0,
    "SKUs": "379-BETF",
    "Qty": 1.0,
    "Parent Order Code": NaN,
    "__row_index__": 38
  },
  {
    "Group Name": NaN,
    "Group ID": NaN,
    "Product Name": NaN,
    "Product Qty": NaN,
    "Unit Price (List)": NaN,
    "Extended Price (List)": NaN,
    "Module Name": "Rack Rails",
    "Option ID": "GNR1WTG",
    "Option Name": "ReadyRails Sliding Rails Without Cable Management Arm or Strain Relief Bar",
    "Option List Price": 71.0,
    "SKUs": "770-BECD",
    "Qty": 1.0,
    "Parent Order Code": NaN,
    "__row_index__": 39
  },
  {
    "Group Name": NaN,
    "Group ID": NaN,
    "Product Name": NaN,
    "Product Qty": NaN,
    "Unit Price (List)": NaN,
    "Extended Price (List)": NaN,
    "Module Name": "Shipping",
    "Option ID": "G3ER894",
    "Option Name": "PowerEdge R6715 Shipping EMEA1  (English/French/German/Spanish/Russian/Hebrew)",
    "Option List Price": 15.0,
    "SKUs": "340-DRWG, 340-DSGK",
    "Qty": 1.0,
    "Parent Order Code": NaN,
    "__row_index__": 40
  },
  {
    "Group Name": NaN,
    "Group ID": NaN,
    "Product Name": NaN,
    "Product Qty": NaN,
    "Unit Price (List)": NaN,
    "Extended Price (List)": NaN,
    "Module Name": "Shipping Material",
    "Option ID": "G2T9KMA",
    "Option Name": "PowerEdge 1U Shipping Material",
    "Option List Price": 44.0,
    "SKUs": "340-DNSY",
    "Qty": 1.0,
    "Parent Order Code": NaN,
    "__row_index__": 41
  },
  {
    "Group Name": NaN,
    "Group ID": NaN,
    "Product Name": NaN,
    "Product Qty": NaN,
    "Unit Price (List)": NaN,
    "Extended Price (List)": NaN,
    "Module Name": "Regulatory",
    "Option ID": "GOC6PGW",
    "Option Name": "PowerEdge No CCC, CE Label Marking",
    "Option List Price": 0.0,
    "SKUs": "389-FHJB",
    "Qty": 1.0,
    "Parent Order Code": NaN,
    "__row_index__": 42
  },
  {
    "Group Name": NaN,
    "Group ID": NaN,
    "Product Name": NaN,
    "Product Qty": NaN,
    "Unit Price (List)": NaN,
    "Extended Price (List)": NaN,
    "Module Name": "DPU Cables",
    "Option ID": "GV6CUGB",
    "Option Name": "No DPUs Cable Required, No DPU",
    "Option List Price": 0.0,
    "SKUs": "470-AEYU",
    "Qty": 1.0,
    "Parent Order Code": NaN,
    "__row_index__": 43
  },
  {
    "Group Name": NaN,
    "Group ID": NaN,
    "Product Name": NaN,
    "Product Qty": NaN,
    "Unit Price (List)": NaN,
    "Extended Price (List)": NaN,
    "Module Name": "Dell Services: Hardware Support",
    "Option ID": "GF03X6K",
    "Option Name": "Parts Only Warranty 12Months, 12 Month(s)",
    "Option List Price": 0.01,
    "SKUs": "709-BBIX",
    "Qty": 1.0,
    "Parent Order Code": NaN,
    "__row_index__": 44
  },
  {
    "Group Name": NaN,
    "Group ID": NaN,
    "Product Name": NaN,
    "Product Qty": NaN,
    "Unit Price (List)": NaN,
    "Extended Price (List)": NaN,
    "Module Name": "Extended Service",
    "Option ID": "G4ASPON",
    "Option Name": "ProSupport and Next Business Day Onsite Service, 12 Month(s)",
    "Option List Price": 970.49,
    "SKUs": "865-BBLM",
    "Qty": 1.0,
    "Parent Order Code": NaN,
    "__row_index__": 45
  },
  {
    "Group Name": NaN,
    "Group ID": NaN,
    "Product Name": NaN,
    "Product Qty": NaN,
    "Unit Price (List)": NaN,
    "Extended Price (List)": NaN,
    "Module Name": "Infrastructure Deployment Svcs",
    "Option ID": "GMZGA07",
    "Option Name": "No Field Deployment  Customer Install Required",
    "Option List Price": 0.0,
    "SKUs": "883-BBFN",
    "Qty": 1.0,
    "Parent Order Code": NaN,
    "__row_index__": 46
  },
  {
    "Group Name": NaN,
    "Group ID": NaN,
    "Product Name": NaN,
    "Product Qty": NaN,
    "Unit Price (List)": NaN,
    "Extended Price (List)": NaN,
    "Module Name": NaN,
    "Option ID": NaN,
    "Option Name": NaN,
    "Option List Price": NaN,
    "SKUs": NaN,
    "Qty": NaN,
    "Parent Order Code": NaN,
    "__row_index__": 47
  },
  {
    "Group Name": NaN,
    "Group ID": NaN,
    "Product Name": NaN,
    "Product Qty": NaN,
    "Unit Price (List)": NaN,
    "Extended Price (List)": NaN,
    "Module Name": NaN,
    "Option ID": NaN,
    "Option Name": NaN,
    "Option List Price": NaN,
    "SKUs": NaN,
    "Qty": NaN,
    "Parent Order Code": NaN,
    "__row_index__": 48
  },
  {
    "Group Name": NaN,
    "Group ID": NaN,
    "Product Name": NaN,
    "Product Qty": NaN,
    "Unit Price (List)": NaN,
    "Extended Price (List)": NaN,
    "Module Name": NaN,
    "Option ID": NaN,
    "Option Name": NaN,
    "Option List Price": NaN,
    "SKUs": NaN,
    "Qty": NaN,
    "Parent Order Code": NaN,
    "__row_index__": 49
  }
]