{
  "total_rows": 54,
  "header_rows_count": 4,
  "item_rows_count": 50,
  "entity_type_counts": {
    "BASE": 1,
    "HW": 24,
    "CONFIG": 7,
    "LOGISTIC": 7,
    "NOTE": 1,
    "SOFTWARE": 6,
    "SERVICE": 4
  },
  "state_counts": {
    "PRESENT": 36,
    "ABSENT": 12,
    "DISABLED": 2
  },
  "unknown_count": 0,
  "rules_stats": {
    "HEADER-SKIP": 4,
    "BASE-001": 1,
    "HW-004": 3,
    "HW-003": 3,
    "HW-001": 1,
    "HW-002": 14,
    "CONFIG-001": 6,
    "LOGISTIC-004-CORD": 1,
    "NOTE-002": 1,
    "HW-OPTICS-001": 1,
    "HW-008-HBA-PERC-CUS": 1,
    "HW-BOSS-001": 1,
    "SOFTWARE-003": 2,
    "SOFTWARE-001": 2,
    "SOFTWARE-004": 2,
    "LOGISTIC-001": 6,
    "CONFIG-NOGPU-001": 1,
    "SERVICE-001": 3,
    "SERVICE-004": 1
  },
  "device_type_counts": {
    "storage_nvme": 1,
    "power_cord": 1,
    "hba": 1
  },
  "hw_type_counts": {
    "nvme": 2,
    "tpm": 1,
    "chassis": 2,
    "cpu": 3,
    "ram": 1,
    "storage_controller": 3,
    "blank": 2,
    "fan": 1,
    "psu": 1,
    "riser": 1,
    "network_adapter": 2,
    "cable": 1,
    "management": 1,
    "mounting_kit": 1
  },
  "hw_type_null_count": 2
}