[
  {
    "Group Name": "Group 1",
    "Group ID": "6487608.1.1",
    "Product Name": "PowerEdge R7625 - Full Configuration - [EMEA_R7625] ",
    "Product Qty": 2.0,
    "Unit Price (List)": 415611.04,
    "Extended Price (List)": 831222.08,
    "Module Name": NaN,
    "Option ID": NaN,
    "Option Name": NaN,
    "Option List Price": NaN,
    "SKUs": NaN,
    "Qty": NaN,
    "Parent Order Code": NaN,
    "__row_index__": 8
  },
  {
    "Group Name": NaN,
    "Group ID": NaN,
    "Product Name": NaN,
    "Product Qty": NaN,
    "Unit Price (List)": NaN,
    "Extended Price (List)": NaN,
    "Module Name": "Base",
    "Option ID": "G8Y4AWF",
    "Option Name": "PowerEdge R7625 Server",
    "Option List Price": 4748.0,
    "SKUs": "210-BFMO",
    "Qty": 1.0,
    "Parent Order Code": NaN,
    "__row_index__": 9
  },
  {
    "Group Name": NaN,
    "Group ID": NaN,
    "Product Name": NaN,
    "Product Qty": NaN,
    "Unit Price (List)": NaN,
    "Extended Price (List)": NaN,
    "Module Name": "FRONT STORAGE",
    "Option ID": "GBEZWO8",
    "Option Name": "Chassis with up to 24x2.5\" Drives",
    "Option List Price": 0.0,
    "SKUs": "379-BDTF",
    "Qty": 1.0,
    "Parent Order Code": NaN,
    "__row_index__": 10
  },
  {
    "Group Name": NaN,
    "Group ID": NaN,
    "Product Name": NaN,
    "Product Qty": NaN,
    "Unit Price (List)": NaN,
    "Extended Price (List)": NaN,
    "Module Name": "BACKPLANE",
    "Option ID": "GL6C9WE",
    "Option Name": "NVMe Backplane",
    "Option List Price": 0.0,
    "SKUs": "379-BDSX",
    "Qty": 1.0,
    "Parent Order Code": NaN,
    "__row_index__": 11
  },
  {
    "Group Name": NaN,
    "Group ID": NaN,
    "Product Name": NaN,
    "Product Qty": NaN,
    "Unit Price (List)": NaN,
    "Extended Price (List)": NaN,
    "Module Name": "REAR STORAGE",
    "Option ID": "GOXF0L2",
    "Option Name": "No Rear Storage",
    "Option List Price": 0.0,
    "SKUs": "379-BDTE",
    "Qty": 1.0,
    "Parent Order Code": NaN,
    "__row_index__": 12
  },
  {
    "Group Name": NaN,
    "Group ID": NaN,
    "Product Name": NaN,
    "Product Qty": NaN,
    "Unit Price (List)": NaN,
    "Extended Price (List)": NaN,
    "Module Name": "Trusted Platform Module",
    "Option ID": "GGX1VDO",
    "Option Name": "Trusted Platform Module 2.0 V6",
    "Option List Price": 0.0,
    "SKUs": "461-AAIG",
    "Qty": 1.0,
    "Parent Order Code": NaN,
    "__row_index__": 13
  },
  {
    "Group Name": NaN,
    "Group ID": NaN,
    "Product Name": NaN,
    "Product Qty": NaN,
    "Unit Price (List)": NaN,
    "Extended Price (List)": NaN,
    "Module Name": "Chassis Configuration",
    "Option ID": "GRH547I",
    "Option Name": "2.5\" Chassis with up to 24 NVMe Switched HWRAID Drives, Dual Controller, Front PERC 12",
    "Option List Price": 2726.0,
    "SKUs": "321-BKFZ",
    "Qty": 1.0,
    "Parent Order Code": NaN,
    "__row_index__": 14
  },
  {
    "Group Name": NaN,
    "Group ID": NaN,
    "Product Name": NaN,
    "Product Qty": NaN,
    "Unit Price (List)": NaN,
    "Extended Price (List)": NaN,
    "Module Name": "Processor",
    "Option ID": "GPQ2A1V",
    "Option Name": "AMD EPYC 9554 3.10GHz, 64C/128T, 256M Cache (360W) DDR5-4800",
    "Option List Price": 11500.0,
    "SKUs": "338-CGXC",
    "Qty": 1.0,
    "Parent Order Code": NaN,
    "__row_index__": 15
  },
  {
    "Group Name": NaN,
    "Group ID": NaN,
    "Product Name": NaN,
    "Product Qty": NaN,
    "Unit Price (List)": NaN,
    "Extended Price (List)": NaN,
    "Module Name": "Additional Processor",
    "Option ID": "G4A9ONX",
    "Option Name": "AMD EPYC 9554 3.10GHz, 64C/128T, 256M Cache (360W) DDR5-4800",
    "Option List Price": 11500.01,
    "SKUs": "338-CGXC, 379-BDCO",
    "Qty": 1.0,
    "Parent Order Code": NaN,
    "__row_index__": 16
  },
  {
    "Group Name": NaN,
    "Group ID": NaN,
    "Product Name": NaN,
    "Product Qty": NaN,
    "Unit Price (List)": NaN,
    "Extended Price (List)": NaN,
    "Module Name": "Processor Thermal Configuration",
    "Option ID": "GJ8I4T7",
    "Option Name": "High Performance Heatsink for 2 CPU Configuration",
    "Option List Price": 0.0,
    "SKUs": "412-ABCZ",
    "Qty": 1.0,
    "Parent Order Code": NaN,
    "__row_index__": 17
  },
  {
    "Group Name": NaN,
    "Group ID": NaN,
    "Product Name": NaN,
    "Product Qty": NaN,
    "Unit Price (List)": NaN,
    "Extended Price (List)": NaN,
    "Module Name": "Memory Configuration Type",
    "Option ID": "G6VDIHE",
    "Option Name": "Performance Optimized",
    "Option List Price": 0.0,
    "SKUs": "370-AHLL",
    "Qty": 1.0,
    "Parent Order Code": NaN,
    "__row_index__": 18
  },
  {
    "Group Name": NaN,
    "Group ID": NaN,
    "Product Name": NaN,
    "Product Qty": NaN,
    "Unit Price (List)": NaN,
    "Extended Price (List)": NaN,
    "Module Name": "Memory DIMM Type and Speed",
    "Option ID": "GYMX57Q",
    "Option Name": "5600MT/s RDIMMs",
    "Option List Price": 0.0,
    "SKUs": "370-BBRX",
    "Qty": 1.0,
    "Parent Order Code": NaN,
    "__row_index__": 19
  },
  {
    "Group Name": NaN,
    "Group ID": NaN,
    "Product Name": NaN,
    "Product Qty": NaN,
    "Unit Price (List)": NaN,
    "Extended Price (List)": NaN,
    "Module Name": "Memory Capacity",
    "Option ID": "G6VBKTN",
    "Option Name": "96GB RDIMM, 5600MT/s, Dual Rank",
    "Option List Price": 90032.0,
    "SKUs": "370-BBRV",
    "Qty": 16.0,
    "Parent Order Code": NaN,
    "__row_index__": 20
  },
  {
    "Group Name": NaN,
    "Group ID": NaN,
    "Product Name": NaN,
    "Product Qty": NaN,
    "Unit Price (List)": NaN,
    "Extended Price (List)": NaN,
    "Module Name": "RAID Configuration",
    "Option ID": "GL4N86A",
    "Option Name": "C42, Unconfigured RAID for Dual Controllers 1-12 + 1-12 (Mixed Drive Types Allowed)",
    "Option List Price": 0.0,
    "SKUs": "780-BCDW",
    "Qty": 1.0,
    "Parent Order Code": NaN,
    "__row_index__": 21
  },
  {
    "Group Name": NaN,
    "Group ID": NaN,
    "Product Name": NaN,
    "Product Qty": NaN,
    "Unit Price (List)": NaN,
    "Extended Price (List)": NaN,
    "Module Name": "RAID/Internal Storage Controllers",
    "Option ID": "GVI97JY",
    "Option Name": "Dual Controller, Front H965i Rear Load",
    "Option List Price": 5038.02,
    "SKUs": "405-ABDN, 405-ABDN, 750-ADWO, 750-ADWO",
    "Qty": 1.0,
    "Parent Order Code": NaN,
    "__row_index__": 22
  },
  {
    "Group Name": NaN,
    "Group ID": NaN,
    "Product Name": NaN,
    "Product Qty": NaN,
    "Unit Price (List)": NaN,
    "Extended Price (List)": NaN,
    "Module Name": "Hard Drives",
    "Option ID": "GZ4G6T3",
    "Option Name": "No Hard Drive",
    "Option List Price": 0.0,
    "SKUs": "400-ABHL",
    "Qty": 1.0,
    "Parent Order Code": NaN,
    "__row_index__": 23
  },
  {
    "Group Name": NaN,
    "Group ID": NaN,
    "Product Name": NaN,
    "Product Qty": NaN,
    "Unit Price (List)": NaN,
    "Extended Price (List)": NaN,
    "Module Name": "Hard Drives (PCIe SSD/Flex Bay)",
    "Option ID": "GOM0VWA",
    "Option Name": "7.68TB Data Center NVMe Read Intensive AG Drive U2  with carrier",
    "Option List Price": 278760.0,
    "SKUs": "345-BJNW",
    "Qty": 24.0,
    "Parent Order Code": NaN,
    "__row_index__": 24
  },
  {
    "Group Name": NaN,
    "Group ID": NaN,
    "Product Name": NaN,
    "Product Qty": NaN,
    "Unit Price (List)": NaN,
    "Extended Price (List)": NaN,
    "Module Name": "BIOS and Advanced System Configuration Settings",
    "Option ID": "GEARJ9V",
    "Option Name": "Power Saving BIOS Setting",
    "Option List Price": 0.0,
    "SKUs": "384-BBBH",
    "Qty": 1.0,
    "Parent Order Code": NaN,
    "__row_index__": 25
  },
  {
    "Group Name": NaN,
    "Group ID": NaN,
    "Product Name": NaN,
    "Product Qty": NaN,
    "Unit Price (List)": NaN,
    "Extended Price (List)": NaN,
    "Module Name": "Advanced System Configurations",
    "Option ID": "GSFTG4Y",
    "Option Name": "UEFI BIOS Boot Mode with GPT Partition",
    "Option List Price": 0.0,
    "SKUs": "800-BBDM",
    "Qty": 1.0,
    "Parent Order Code": NaN,
    "__row_index__": 26
  },
  {
    "Group Name": NaN,
    "Group ID": NaN,
    "Product Name": NaN,
    "Product Qty": NaN,
    "Unit Price (List)": NaN,
    "Extended Price (List)": NaN,
    "Module Name": "Advanced System Configurations",
    "Option ID": "G9IONL3",
    "Option Name": "No Energy Star",
    "Option List Price": 0.0,
    "SKUs": "387-BBEY",
    "Qty": 1.0,
    "Parent Order Code": NaN,
    "__row_index__": 27
  },
  {
    "Group Name": NaN,
    "Group ID": NaN,
    "Product Name": NaN,
    "Product Qty": NaN,
    "Unit Price (List)": NaN,
    "Extended Price (List)": NaN,
    "Module Name": "Fans",
    "Option ID": "GA8WT7O",
    "Option Name": "Very High Performance Fan x6",
    "Option List Price": 397.0,
    "SKUs": "750-ACOM, 750-ADGJ",
    "Qty": 1.0,
    "Parent Order Code": NaN,
    "__row_index__": 28
  },
  {
    "Group Name": NaN,
    "Group ID": NaN,
    "Product Name": NaN,
    "Product Qty": NaN,
    "Unit Price (List)": NaN,
    "Extended Price (List)": NaN,
    "Module Name": "Power Supply",
    "Option ID": "GCZ2T8R",
    "Option Name": "Dual, Hot-Plug, Fully Redundant Power Supply (1+1), 2400W, Mixed Mode",
    "Option List Price": 1818.0,
    "SKUs": "450-AJEV",
    "Qty": 1.0,
    "Parent Order Code": NaN,
    "__row_index__": 29
  },
  {
    "Group Name": NaN,
    "Group ID": NaN,
    "Product Name": NaN,
    "Product Qty": NaN,
    "Unit Price (List)": NaN,
    "Extended Price (List)": NaN,
    "Module Name": "Power Cords",
    "Option ID": "G50MVRY",
    "Option Name": "C19 to C20, 250V, 0.6m Power Cord",
    "Option List Price": 24.0,
    "SKUs": "450-AAXT",
    "Qty": 2.0,
    "Parent Order Code": NaN,
    "__row_index__": 30
  },
  {
    "Group Name": NaN,
    "Group ID": NaN,
    "Product Name": NaN,
    "Product Qty": NaN,
    "Unit Price (List)": NaN,
    "Extended Price (List)": NaN,
    "Module Name": "PCIe Riser",
    "Option ID": "G6S4AKN",
    "Option Name": "Riser Config 2, 6 x8 FH + 2 x16 LP",
    "Option List Price": 687.0,
    "SKUs": "330-BCBH",
    "Qty": 1.0,
    "Parent Order Code": NaN,
    "__row_index__": 31
  },
  {
    "Group Name": NaN,
    "Group ID": NaN,
    "Product Name": NaN,
    "Product Qty": NaN,
    "Unit Price (List)": NaN,
    "Extended Price (List)": NaN,
    "Module Name": "Motherboard",
    "Option ID": "G6WFJ9U",
    "Option Name": "PowerEdge R7625 Motherboard",
    "Option List Price": 0.0,
    "SKUs": "338-CQQG",
    "Qty": 1.0,
    "Parent Order Code": NaN,
    "__row_index__": 32
  },
  {
    "Group Name": NaN,
    "Group ID": NaN,
    "Product Name": NaN,
    "Product Qty": NaN,
    "Unit Price (List)": NaN,
    "Extended Price (List)": NaN,
    "Module Name": "OCP 3.0 Network Adapters",
    "Option ID": "G63VWGR",
    "Option Name": "Broadcom 57414 Dual Port 10/25GbE SFP28, OCP NIC 3.0",
    "Option List Price": 602.0,
    "SKUs": "540-BCOC",
    "Qty": 1.0,
    "Parent Order Code": NaN,
    "__row_index__": 33
  },
  {
    "Group Name": NaN,
    "Group ID": NaN,
    "Product Name": NaN,
    "Product Qty": NaN,
    "Unit Price (List)": NaN,
    "Extended Price (List)": NaN,
    "Module Name": "Additional Network Cards",
    "Option ID": "GU9HW7R",
    "Option Name": "PCIe Blank Filler, Low Profile",
    "Option List Price": 0.0,
    "SKUs": "414-BBJB",
    "Qty": 2.0,
    "Parent Order Code": NaN,
    "__row_index__": 34
  },
  {
    "Group Name": NaN,
    "Group ID": NaN,
    "Product Name": NaN,
    "Product Qty": NaN,
    "Unit Price (List)": NaN,
    "Extended Price (List)": NaN,
    "Module Name": "Additional Network Cards",
    "Option ID": "GY8XSA9",
    "Option Name": "Broadcom 5720 Dual Port 1GbE LOM",
    "Option List Price": 0.0,
    "SKUs": "540-BDKD",
    "Qty": 1.0,
    "Parent Order Code": NaN,
    "__row_index__": 35
  },
  {
    "Group Name": NaN,
    "Group ID": NaN,
    "Product Name": NaN,
    "Product Qty": NaN,
    "Unit Price (List)": NaN,
    "Extended Price (List)": NaN,
    "Module Name": "Fibre Channel Adapters",
    "Option ID": "GWR0PK3",
    "Option Name": "QLogic 2772 Dual Port 32Gb Fibre Channel HBA, PCIe Full Height, V2",
    "Option List Price": 2679.0,
    "SKUs": "540-BDHC",
    "Qty": 1.0,
    "Parent Order Code": NaN,
    "__row_index__": 36
  },
  {
    "Group Name": NaN,
    "Group ID": NaN,
    "Product Name": NaN,
    "Product Qty": NaN,
    "Unit Price (List)": NaN,
    "Extended Price (List)": NaN,
    "Module Name": "Cables",
    "Option ID": "GV6CUGB",
    "Option Name": "No DPUs Cable Required, No DPU",
    "Option List Price": 0.0,
    "SKUs": "470-AEYU",
    "Qty": 1.0,
    "Parent Order Code": NaN,
    "__row_index__": 37
  },
  {
    "Group Name": NaN,
    "Group ID": NaN,
    "Product Name": NaN,
    "Product Qty": NaN,
    "Unit Price (List)": NaN,
    "Extended Price (List)": NaN,
    "Module Name": "Bezel",
    "Option ID": "GOW8SMV",
    "Option Name": "PowerEdge 2U Standard Bezel",
    "Option List Price": 25.0,
    "SKUs": "321-BHXZ, 325-BEVI",
    "Qty": 1.0,
    "Parent Order Code": NaN,
    "__row_index__": 38
  },
  {
    "Group Name": NaN,
    "Group ID": NaN,
    "Product Name": NaN,
    "Product Qty": NaN,
    "Unit Price (List)": NaN,
    "Extended Price (List)": NaN,
    "Module Name": "Boot Optimized Storage Cards",
    "Option ID": "GKM2QOA",
    "Option Name": "BOSS-N1 controller card +  with 2 M.2 960GB (RAID 1)",
    "Option List Price": 4042.0,
    "SKUs": "403-BCRZ, 470-AFMF",
    "Qty": 1.0,
    "Parent Order Code": NaN,
    "__row_index__": 39
  },
  {
    "Group Name": NaN,
    "Group ID": NaN,
    "Product Name": NaN,
    "Product Qty": NaN,
    "Unit Price (List)": NaN,
    "Extended Price (List)": NaN,
    "Module Name": "Operating System",
    "Option ID": "G78MU35",
    "Option Name": "No Operating System",
    "Option List Price": 0.0,
    "SKUs": "611-BBBF",
    "Qty": 1.0,
    "Parent Order Code": NaN,
    "__row_index__": 40
  },
  {
    "Group Name": NaN,
    "Group ID": NaN,
    "Product Name": NaN,
    "Product Qty": NaN,
    "Unit Price (List)": NaN,
    "Extended Price (List)": NaN,
    "Module Name": "OS Media Kits",
    "Option ID": "GKH7AZI",
    "Option Name": "No Media Required",
    "Option List Price": 0.0,
    "SKUs": "605-BBFN",
    "Qty": 1.0,
    "Parent Order Code": NaN,
    "__row_index__": 41
  },
  {
    "Group Name": NaN,
    "Group ID": NaN,
    "Product Name": NaN,
    "Product Qty": NaN,
    "Unit Price (List)": NaN,
    "Extended Price (List)": NaN,
    "Module Name": "Embedded Systems Management",
    "Option ID": "G16CQF5",
    "Option Name": "iDRAC9, Enterprise 16G",
    "Option List Price": 796.0,
    "SKUs": "528-CTIC",
    "Qty": 1.0,
    "Parent Order Code": NaN,
    "__row_index__": 42
  },
  {
    "Group Name": NaN,
    "Group ID": NaN,
    "Product Name": NaN,
    "Product Qty": NaN,
    "Unit Price (List)": NaN,
    "Extended Price (List)": NaN,
    "Module Name": "Embedded Systems Management",
    "Option ID": "G65AWE1",
    "Option Name": "Dell Connectivity Client - Disabled",
    "Option List Price": 0.0,
    "SKUs": "379-BFXT, 634-CYDF",
    "Qty": 1.0,
    "Parent Order Code": NaN,
    "__row_index__": 43
  },
  {
    "Group Name": NaN,
    "Group ID": NaN,
    "Product Name": NaN,
    "Product Qty": NaN,
    "Unit Price (List)": NaN,
    "Extended Price (List)": NaN,
    "Module Name": "Quick Sync",
    "Option ID": "GCLNJM4",
    "Option Name": "No Quick Sync",
    "Option List Price": 0.0,
    "SKUs": "350-BBYX",
    "Qty": 1.0,
    "Parent Order Code": NaN,
    "__row_index__": 44
  },
  {
    "Group Name": NaN,
    "Group ID": NaN,
    "Product Name": NaN,
    "Product Qty": NaN,
    "Unit Price (List)": NaN,
    "Extended Price (List)": NaN,
    "Module Name": "Password",
    "Option ID": "GDOHU23",
    "Option Name": "iDRAC,Legacy Password",
    "Option List Price": 0.0,
    "SKUs": "379-BCSG",
    "Qty": 1.0,
    "Parent Order Code": NaN,
    "__row_index__": 45
  },
  {
    "Group Name": NaN,
    "Group ID": NaN,
    "Product Name": NaN,
    "Product Qty": NaN,
    "Unit Price (List)": NaN,
    "Extended Price (List)": NaN,
    "Module Name": "Group Manager",
    "Option ID": "GTVA94K",
    "Option Name": "iDRAC Group Manager, Disabled",
    "Option List Price": 0.0,
    "SKUs": "379-BCQY",
    "Qty": 1.0,
    "Parent Order Code": NaN,
    "__row_index__": 46
  },
  {
    "Group Name": NaN,
    "Group ID": NaN,
    "Product Name": NaN,
    "Product Qty": NaN,
    "Unit Price (List)": NaN,
    "Extended Price (List)": NaN,
    "Module Name": "Rack Rails",
    "Option ID": "GG493AN",
    "Option Name": "ReadyRails Sliding Rails Without Cable Management Arm",
    "Option List Price": 124.0,
    "SKUs": "770-BDZP",
    "Qty": 1.0,
    "Parent Order Code": NaN,
    "__row_index__": 47
  },
  {
    "Group Name": NaN,
    "Group ID": NaN,
    "Product Name": NaN,
    "Product Qty": NaN,
    "Unit Price (List)": NaN,
    "Extended Price (List)": NaN,
    "Module Name": "System Documentation",
    "Option ID": "GVRYSM7",
    "Option Name": "No Systems Documentation, No OpenManage DVD Kit",
    "Option List Price": 0.0,
    "SKUs": "631-AACK",
    "Qty": 1.0,
    "Parent Order Code": NaN,
    "__row_index__": 48
  },
  {
    "Group Name": NaN,
    "Group ID": NaN,
    "Product Name": NaN,
    "Product Qty": NaN,
    "Unit Price (List)": NaN,
    "Extended Price (List)": NaN,
    "Module Name": "Shipping",
    "Option ID": "G2KWVUB",
    "Option Name": "PowerEdge R7625 Shipping EMEA1 (English/French/German/Spanish/Russian/Hebrew)",
    "Option List Price": 0.0,
    "SKUs": "340-DDHI",
    "Qty": 1.0,
    "Parent Order Code": NaN,
    "__row_index__": 49
  },
  {
    "Group Name": NaN,
    "Group ID": NaN,
    "Product Name": NaN,
    "Product Qty": NaN,
    "Unit Price (List)": NaN,
    "Extended Price (List)": NaN,
    "Module Name": "Shipping Material",
    "Option ID": "G0H8U5M",
    "Option Name": "PowerEdge R7625 Shipping Material",
    "Option List Price": 75.0,
    "SKUs": "340-DCXY",
    "Qty": 1.0,
    "Parent Order Code": NaN,
    "__row_index__": 50
  },
  {
    "Group Name": NaN,
    "Group ID": NaN,
    "Product Name": NaN,
    "Product Qty": NaN,
    "Unit Price (List)": NaN,
    "Extended Price (List)": NaN,
    "Module Name": "Regulatory",
    "Option ID": "GAR1XHQ",
    "Option Name": "PowerEdge R7625 No CE, CCC or  BIS Marking",
    "Option List Price": 0.0,
    "SKUs": "389-EFMJ",
    "Qty": 1.0,
    "Parent Order Code": NaN,
    "__row_index__": 51
  },
  {
    "Group Name": NaN,
    "Group ID": NaN,
    "Product Name": NaN,
    "Product Qty": NaN,
    "Unit Price (List)": NaN,
    "Extended Price (List)": NaN,
    "Module Name": "GPU/FPGA/Acceleration Cables",
    "Option ID": "G0PNZWL",
    "Option Name": "No Cables Required, No GPU Blanks",
    "Option List Price": 0.0,
    "SKUs": "470-AEYU",
    "Qty": 1.0,
    "Parent Order Code": NaN,
    "__row_index__": 52
  },
  {
    "Group Name": NaN,
    "Group ID": NaN,
    "Product Name": NaN,
    "Product Qty": NaN,
    "Unit Price (List)": NaN,
    "Extended Price (List)": NaN,
    "Module Name": "ECCN",
    "Option ID": "GRO1P6G",
    "Option Name": "Decline Selection",
    "Option List Price": 0.0,
    "SKUs": "817-BBBP",
    "Qty": 1.0,
    "Parent Order Code": NaN,
    "__row_index__": 53
  },
  {
    "Group Name": NaN,
    "Group ID": NaN,
    "Product Name": NaN,
    "Product Qty": NaN,
    "Unit Price (List)": NaN,
    "Extended Price (List)": NaN,
    "Module Name": "Dell Services: Hardware Service",
    "Option ID": "GH6SA5P",
    "Option Name": "Parts Only Warranty 12Months, 12 Month(s)",
    "Option List Price": 0.01,
    "SKUs": "709-BBIY",
    "Qty": 1.0,
    "Parent Order Code": NaN,
    "__row_index__": 54
  },
  {
    "Group Name": NaN,
    "Group ID": NaN,
    "Product Name": NaN,
    "Product Qty": NaN,
    "Unit Price (List)": NaN,
    "Extended Price (List)": NaN,
    "Module Name": "Extended Service",
    "Option ID": "GKQE3CR",
    "Option Name": "NO WARRANTY UPGRADE SELECTED, 12 Month(s)",
    "Option List Price": 0.0,
    "SKUs": "883-BBBD",
    "Qty": 1.0,
    "Parent Order Code": NaN,
    "__row_index__": 55
  },
  {
    "Group Name": NaN,
    "Group ID": NaN,
    "Product Name": NaN,
    "Product Qty": NaN,
    "Unit Price (List)": NaN,
    "Extended Price (List)": NaN,
    "Module Name": "Shipping Box Labels - Standard",
    "Option ID": "GDZ0XTY",
    "Option Name": "Order Configuration Shipbox Label (Ship Date, Model, Processor Speed, HDD Size, RAM)",
    "Option List Price": 18.0,
    "SKUs": "293-10049",
    "Qty": 1.0,
    "Parent Order Code": NaN,
    "__row_index__": 56
  },
  {
    "Group Name": NaN,
    "Group ID": NaN,
    "Product Name": NaN,
    "Product Qty": NaN,
    "Unit Price (List)": NaN,
    "Extended Price (List)": NaN,
    "Module Name": "Anti Theft Device & Asset Tagging",
    "Option ID": "G2K1LTI",
    "Option Name": "Asset Tag - ProSupport (Website, barcode, Onboard MacAddress)",
    "Option List Price": 20.0,
    "SKUs": "293-10025",
    "Qty": 1.0,
    "Parent Order Code": NaN,
    "__row_index__": 57
  },
  {
    "Group Name": NaN,
    "Group ID": NaN,
    "Product Name": NaN,
    "Product Qty": NaN,
    "Unit Price (List)": NaN,
    "Extended Price (List)": NaN,
    "Module Name": "Infrastructure Deployment Svcs",
    "Option ID": "GMZGA07",
    "Option Name": "No Field Deployment  Customer Install Required",
    "Option List Price": 0.0,
    "SKUs": "883-BBFN",
    "Qty": 1.0,
    "Parent Order Code": NaN,
    "__row_index__": 58
  },
  {
    "Group Name": NaN,
    "Group ID": NaN,
    "Product Name": NaN,
    "Product Qty": NaN,
    "Unit Price (List)": NaN,
    "Extended Price (List)": NaN,
    "Module Name": NaN,
    "Option ID": NaN,
    "Option Name": NaN,
    "Option List Price": NaN,
    "SKUs": NaN,
    "Qty": NaN,
    "Parent Order Code": NaN,
    "__row_index__": 59
  },
  {
    "Group Name": NaN,
    "Group ID": NaN,
    "Product Name": NaN,
    "Product Qty": NaN,
    "Unit Price (List)": NaN,
    "Extended Price (List)": NaN,
    "Module Name": NaN,
    "Option ID": NaN,
    "Option Name": NaN,
    "Option List Price": NaN,
    "SKUs": NaN,
    "Qty": NaN,
    "Parent Order Code": NaN,
    "__row_index__": 60
  },
  {
    "Group Name": NaN,
    "Group ID": NaN,
    "Product Name": NaN,
    "Product Qty": NaN,
    "Unit Price (List)": NaN,
    "Extended Price (List)": NaN,
    "Module Name": NaN,
    "Option ID": NaN,
    "Option Name": NaN,
    "Option List Price": NaN,
    "SKUs": NaN,
    "Qty": NaN,
    "Parent Order Code": NaN,
    "__row_index__": 61
  }
]