{
  "total_rows": 54,
  "header_rows_count": 4,
  "item_rows_count": 50,
  "entity_type_counts": {
    "BASE": 1,
    "HW": 24,
    "CONFIG": 6,
    "UNKNOWN": 2,
    "NOTE": 1,
    "SOFTWARE": 6,
    "LOGISTIC": 6,
    "SERVICE": 4
  },
  "state_counts": {
    "PRESENT": 36,
    "ABSENT": 12,
    "DISABLED": 2
  },
  "unknown_count": 2,
  "rules_stats": {
    "HEADER-SKIP": 4,
    "BASE-001": 1,
    "HW-004": 4,
    "HW-003": 3,
    "HW-001": 1,
    "HW-002": 16,
    "CONFIG-001": 6,
    "UNKNOWN-000": 2,
    "NOTE-002": 1,
    "SOFTWARE-003": 2,
    "SOFTWARE-001": 2,
    "SOFTWARE-004": 2,
    "LOGISTIC-001": 6,
    "SERVICE-001": 3,
    "SERVICE-004": 1
  }
}