{
  "total_rows": 102,
  "header_rows_count": 13,
  "item_rows_count": 89,
  "entity_type_counts": {
    "BASE": 2,
    "HW": 36,
    "CONFIG": 10,
    "SOFTWARE": 12,
    "UNKNOWN": 12,
    "NOTE": 2,
    "LOGISTIC": 9,
    "SERVICE": 6
  },
  "state_counts": {
    "PRESENT": 70,
    "ABSENT": 15,
    "DISABLED": 4
  },
  "unknown_count": 12,
  "rules_stats": {
    "HEADER-SKIP": 13,
    "BASE-001": 2,
    "HW-001": 2,
    "HW-002": 28,
    "CONFIG-001": 10,
    "SOFTWARE-001": 4,
    "UNKNOWN-000": 12,
    "NOTE-002": 2,
    "SOFTWARE-004": 2,
    "HW-004": 2,
    "SOFTWARE-003": 4,
    "SOFTWARE-002": 2,
    "HW-003": 4,
    "LOGISTIC-001": 9,
    "SERVICE-001": 4,
    "SERVICE-004": 2
  }
}