[
  {
    "Group Name": "Group 1",
    "Group ID": "6462871.1.1",
    "Product Name": "PowerEdge R770  - Full Configuration - [EMEA_R770] ",
    "Product Qty": 9.0,
    "Unit Price (List)": 70246.38,
    "Extended Price (List)": 632217.42,
    "Module Name": NaN,
    "Option ID": NaN,
    "Option Name": NaN,
    "Option List Price": NaN,
    "SKUs": NaN,
    "Qty": NaN,
    "Parent Order Code": NaN,
    "__row_index__": 8
  },
  {
    "Group Name": NaN,
    "Group ID": NaN,
    "Product Name": NaN,
    "Product Qty": NaN,
    "Unit Price (List)": NaN,
    "Extended Price (List)": NaN,
    "Module Name": "Base",
    "Option ID": "GWT24VD",
    "Option Name": "PowerEdge R770 Server",
    "Option List Price": 5710.0,
    "SKUs": "210-BNWX",
    "Qty": 1.0,
    "Parent Order Code": NaN,
    "__row_index__": 9
  },
  {
    "Group Name": NaN,
    "Group ID": NaN,
    "Product Name": NaN,
    "Product Qty": NaN,
    "Unit Price (List)": NaN,
    "Extended Price (List)": NaN,
    "Module Name": "Chassis Configuration",
    "Option ID": "GA4CBF5",
    "Option Name": "2.5\" Chassis with up to 8 NVMe HWRAID Drives, Front PERC 12 (H965i)",
    "Option List Price": 817.0,
    "SKUs": "321-BLHK",
    "Qty": 1.0,
    "Parent Order Code": NaN,
    "__row_index__": 10
  },
  {
    "Group Name": NaN,
    "Group ID": NaN,
    "Product Name": NaN,
    "Product Qty": NaN,
    "Unit Price (List)": NaN,
    "Extended Price (List)": NaN,
    "Module Name": "Processor",
    "Option ID": "G6KHOXL",
    "Option Name": "Intel® Xeon® 6 Performance 6737P 2.9G, 32C/64T, 24GT/s, 144M Cache, Turbo, (270W) DDR5-6400",
    "Option List Price": 9000.0,
    "SKUs": "338-CTBB",
    "Qty": 1.0,
    "Parent Order Code": NaN,
    "__row_index__": 11
  },
  {
    "Group Name": NaN,
    "Group ID": NaN,
    "Product Name": NaN,
    "Product Qty": NaN,
    "Unit Price (List)": NaN,
    "Extended Price (List)": NaN,
    "Module Name": "Additional Processor",
    "Option ID": "G6O2TH5",
    "Option Name": "Intel® Xeon® 6 Performance 6737P 2.9G, 32C/64T, 24GT/s, 144M Cache, Turbo, (270W) DDR5-6400",
    "Option List Price": 9000.01,
    "SKUs": "338-CTBB, 379-BDCO",
    "Qty": 1.0,
    "Parent Order Code": NaN,
    "__row_index__": 12
  },
  {
    "Group Name": NaN,
    "Group ID": NaN,
    "Product Name": NaN,
    "Product Qty": NaN,
    "Unit Price (List)": NaN,
    "Extended Price (List)": NaN,
    "Module Name": "Thermal Configuration",
    "Option ID": "GV3YC5K",
    "Option Name": "Heatsink for 2 CPU with GPU Configuration (CPU greater than 250W)",
    "Option List Price": 145.0,
    "SKUs": "412-BBJV",
    "Qty": 1.0,
    "Parent Order Code": NaN,
    "__row_index__": 13
  },
  {
    "Group Name": NaN,
    "Group ID": NaN,
    "Product Name": NaN,
    "Product Qty": NaN,
    "Unit Price (List)": NaN,
    "Extended Price (List)": NaN,
    "Module Name": "Memory Configuration Type",
    "Option ID": "GH9QBEI",
    "Option Name": "Performance Optimized",
    "Option List Price": 0.0,
    "SKUs": "370-AAIP",
    "Qty": 1.0,
    "Parent Order Code": NaN,
    "__row_index__": 14
  },
  {
    "Group Name": NaN,
    "Group ID": NaN,
    "Product Name": NaN,
    "Product Qty": NaN,
    "Unit Price (List)": NaN,
    "Extended Price (List)": NaN,
    "Module Name": "Memory DIMM Type and Speed",
    "Option ID": "GL7EXYA",
    "Option Name": "6400MT/s RDIMMs",
    "Option List Price": 0.0,
    "SKUs": "370-BCCX",
    "Qty": 1.0,
    "Parent Order Code": NaN,
    "__row_index__": 15
  },
  {
    "Group Name": NaN,
    "Group ID": NaN,
    "Product Name": NaN,
    "Product Qty": NaN,
    "Unit Price (List)": NaN,
    "Extended Price (List)": NaN,
    "Module Name": "Memory Capacity",
    "Option ID": "G3XFPTJ",
    "Option Name": "32GB RDIMM, 6400MT/s, Dual Rank",
    "Option List Price": 27072.0,
    "SKUs": "370-BCCY",
    "Qty": 16.0,
    "Parent Order Code": NaN,
    "__row_index__": 16
  },
  {
    "Group Name": NaN,
    "Group ID": NaN,
    "Product Name": NaN,
    "Product Qty": NaN,
    "Unit Price (List)": NaN,
    "Extended Price (List)": NaN,
    "Module Name": "RAID Configuration",
    "Option ID": "G9FIWK0",
    "Option Name": "C33, RAID 1 with NVMe",
    "Option List Price": 0.01,
    "SKUs": "379-BEGH",
    "Qty": 1.0,
    "Parent Order Code": NaN,
    "__row_index__": 17
  },
  {
    "Group Name": NaN,
    "Group ID": NaN,
    "Product Name": NaN,
    "Product Qty": NaN,
    "Unit Price (List)": NaN,
    "Extended Price (List)": NaN,
    "Module Name": "RAID Controller",
    "Option ID": "G48B20G",
    "Option Name": "PERC H965i Controller, Front, DC-MHS",
    "Option List Price": 2637.0,
    "SKUs": "403-BDMY",
    "Qty": 1.0,
    "Parent Order Code": NaN,
    "__row_index__": 18
  },
  {
    "Group Name": NaN,
    "Group ID": NaN,
    "Product Name": NaN,
    "Product Qty": NaN,
    "Unit Price (List)": NaN,
    "Extended Price (List)": NaN,
    "Module Name": "Hard Drives",
    "Option ID": "GZ4G6T3",
    "Option Name": "No Hard Drive",
    "Option List Price": 0.0,
    "SKUs": "400-ABHL",
    "Qty": 1.0,
    "Parent Order Code": NaN,
    "__row_index__": 19
  },
  {
    "Group Name": NaN,
    "Group ID": NaN,
    "Product Name": NaN,
    "Product Qty": NaN,
    "Unit Price (List)": NaN,
    "Extended Price (List)": NaN,
    "Module Name": "Hard Drives (PCIe SSD/Flex Bay)",
    "Option ID": "G0LDKSV",
    "Option Name": "800G Data Center NVMe Mixed Use AG Drive U2 with carrier",
    "Option List Price": 4756.0,
    "SKUs": "400-BRPJ",
    "Qty": 2.0,
    "Parent Order Code": NaN,
    "__row_index__": 20
  },
  {
    "Group Name": NaN,
    "Group ID": NaN,
    "Product Name": NaN,
    "Product Qty": NaN,
    "Unit Price (List)": NaN,
    "Extended Price (List)": NaN,
    "Module Name": "BIOS and Advanced System Configuration Settings",
    "Option ID": "GEARJ9V",
    "Option Name": "Power Saving BIOS Setting",
    "Option List Price": 0.0,
    "SKUs": "384-BBBH",
    "Qty": 1.0,
    "Parent Order Code": NaN,
    "__row_index__": 21
  },
  {
    "Group Name": NaN,
    "Group ID": NaN,
    "Product Name": NaN,
    "Product Qty": NaN,
    "Unit Price (List)": NaN,
    "Extended Price (List)": NaN,
    "Module Name": "Advanced System Configurations",
    "Option ID": "GSFTG4Y",
    "Option Name": "UEFI BIOS Boot Mode with GPT Partition",
    "Option List Price": 0.0,
    "SKUs": "800-BBDM",
    "Qty": 1.0,
    "Parent Order Code": NaN,
    "__row_index__": 22
  },
  {
    "Group Name": NaN,
    "Group ID": NaN,
    "Product Name": NaN,
    "Product Qty": NaN,
    "Unit Price (List)": NaN,
    "Extended Price (List)": NaN,
    "Module Name": "Fans",
    "Option ID": "GMNF9BE",
    "Option Name": "PowerEdge 2U High Performance Gold Fan",
    "Option List Price": 447.0,
    "SKUs": "384-BDQR",
    "Qty": 1.0,
    "Parent Order Code": NaN,
    "__row_index__": 23
  },
  {
    "Group Name": NaN,
    "Group ID": NaN,
    "Product Name": NaN,
    "Product Qty": NaN,
    "Unit Price (List)": NaN,
    "Extended Price (List)": NaN,
    "Module Name": "Embedded Systems Management",
    "Option ID": "G7MDF9T",
    "Option Name": "iDRAC10, Core 17G",
    "Option List Price": 0.0,
    "SKUs": "634-CSHW",
    "Qty": 1.0,
    "Parent Order Code": NaN,
    "__row_index__": 24
  },
  {
    "Group Name": NaN,
    "Group ID": NaN,
    "Product Name": NaN,
    "Product Qty": NaN,
    "Unit Price (List)": NaN,
    "Extended Price (List)": NaN,
    "Module Name": "Embedded Systems Management",
    "Option ID": "G2QT39O",
    "Option Name": "Dell Connectivity Client - Disabled 17G",
    "Option List Price": 0.0,
    "SKUs": "379-BFXT, 634-CZRP",
    "Qty": 1.0,
    "Parent Order Code": NaN,
    "__row_index__": 25
  },
  {
    "Group Name": NaN,
    "Group ID": NaN,
    "Product Name": NaN,
    "Product Qty": NaN,
    "Unit Price (List)": NaN,
    "Extended Price (List)": NaN,
    "Module Name": "Power Supply",
    "Option ID": "GACKFS4",
    "Option Name": "Dual, Fully Redundant (1+1),Hot-Plug MHS Power Supply, 1500W MM, Titanium",
    "Option List Price": 2294.0,
    "SKUs": "450-BCWT",
    "Qty": 1.0,
    "Parent Order Code": NaN,
    "__row_index__": 26
  },
  {
    "Group Name": NaN,
    "Group ID": NaN,
    "Product Name": NaN,
    "Product Qty": NaN,
    "Unit Price (List)": NaN,
    "Extended Price (List)": NaN,
    "Module Name": "Power Cords",
    "Option ID": "GDE0CHU",
    "Option Name": "Rack Power Cord 2M (C13/C14 10A)",
    "Option List Price": 50.0,
    "SKUs": "450-AADY",
    "Qty": 2.0,
    "Parent Order Code": NaN,
    "__row_index__": 27
  },
  {
    "Group Name": NaN,
    "Group ID": NaN,
    "Product Name": NaN,
    "Product Qty": NaN,
    "Unit Price (List)": NaN,
    "Extended Price (List)": NaN,
    "Module Name": "PCIe Riser",
    "Option ID": "G2FOC6J",
    "Option Name": "Riser Config 6-2, Rear FH, Rear 2x16 FH (G5), 1x8/1x16 OCP (G5), 2nd OCP x16 (G5), 2x16 DWFL (G5)",
    "Option List Price": 1086.0,
    "SKUs": "330-BCZG",
    "Qty": 1.0,
    "Parent Order Code": NaN,
    "__row_index__": 28
  },
  {
    "Group Name": NaN,
    "Group ID": NaN,
    "Product Name": NaN,
    "Product Qty": NaN,
    "Unit Price (List)": NaN,
    "Extended Price (List)": NaN,
    "Module Name": "Motherboard",
    "Option ID": "G7OMQTN",
    "Option Name": "PowerEdge R770 Motherboard for RTS1.2, ROW",
    "Option List Price": 0.0,
    "SKUs": "338-CRTY",
    "Qty": 1.0,
    "Parent Order Code": NaN,
    "__row_index__": 29
  },
  {
    "Group Name": NaN,
    "Group ID": NaN,
    "Product Name": NaN,
    "Product Qty": NaN,
    "Unit Price (List)": NaN,
    "Extended Price (List)": NaN,
    "Module Name": "OCP 3.0 Network Adapters",
    "Option ID": "GAKY4CT",
    "Option Name": "Broadcom 57504 Quad Port 10/25GbE, SFP28, OCP 3.0 NIC",
    "Option List Price": 1648.0,
    "SKUs": "540-BCRX",
    "Qty": 2.0,
    "Parent Order Code": NaN,
    "__row_index__": 30
  },
  {
    "Group Name": NaN,
    "Group ID": NaN,
    "Product Name": NaN,
    "Product Qty": NaN,
    "Unit Price (List)": NaN,
    "Extended Price (List)": NaN,
    "Module Name": "OCP 3.0 Accessories",
    "Option ID": "GDIOK4A",
    "Option Name": "2 OCP - No Cable",
    "Option List Price": 0.0,
    "SKUs": "780-BCZQ",
    "Qty": 1.0,
    "Parent Order Code": NaN,
    "__row_index__": 31
  },
  {
    "Group Name": NaN,
    "Group ID": NaN,
    "Product Name": NaN,
    "Product Qty": NaN,
    "Unit Price (List)": NaN,
    "Extended Price (List)": NaN,
    "Module Name": "BMC Password",
    "Option ID": "GI1M6T9",
    "Option Name": "iDRAC Legacy Password for OCP cards",
    "Option List Price": 0.0,
    "SKUs": "379-BETF",
    "Qty": 1.0,
    "Parent Order Code": NaN,
    "__row_index__": 32
  },
  {
    "Group Name": NaN,
    "Group ID": NaN,
    "Product Name": NaN,
    "Product Qty": NaN,
    "Unit Price (List)": NaN,
    "Extended Price (List)": NaN,
    "Module Name": "Bezel",
    "Option ID": "GN28IOG",
    "Option Name": "No Bezel",
    "Option List Price": 0.0,
    "SKUs": "350-BBBW, 350-BCYM",
    "Qty": 1.0,
    "Parent Order Code": NaN,
    "__row_index__": 33
  },
  {
    "Group Name": NaN,
    "Group ID": NaN,
    "Product Name": NaN,
    "Product Qty": NaN,
    "Unit Price (List)": NaN,
    "Extended Price (List)": NaN,
    "Module Name": "Acceleration Cards Cables",
    "Option ID": "GV6CUGB",
    "Option Name": "No DPUs Cable Required, No DPU",
    "Option List Price": 0.0,
    "SKUs": "470-AEYU",
    "Qty": 1.0,
    "Parent Order Code": NaN,
    "__row_index__": 34
  },
  {
    "Group Name": NaN,
    "Group ID": NaN,
    "Product Name": NaN,
    "Product Qty": NaN,
    "Unit Price (List)": NaN,
    "Extended Price (List)": NaN,
    "Module Name": "GPU/FPGA/Acceleration Cables",
    "Option ID": "G0PNZWL",
    "Option Name": "No Cables Required, No GPU Blanks",
    "Option List Price": 0.0,
    "SKUs": "470-AEYU",
    "Qty": 1.0,
    "Parent Order Code": NaN,
    "__row_index__": 35
  },
  {
    "Group Name": NaN,
    "Group ID": NaN,
    "Product Name": NaN,
    "Product Qty": NaN,
    "Unit Price (List)": NaN,
    "Extended Price (List)": NaN,
    "Module Name": "Boot Optimized Storage Cards",
    "Option ID": "GVQU07E",
    "Option Name": "No BOSS card, Rear Blank",
    "Option List Price": 0.0,
    "SKUs": "470-BCHP",
    "Qty": 1.0,
    "Parent Order Code": NaN,
    "__row_index__": 36
  },
  {
    "Group Name": NaN,
    "Group ID": NaN,
    "Product Name": NaN,
    "Product Qty": NaN,
    "Unit Price (List)": NaN,
    "Extended Price (List)": NaN,
    "Module Name": "Operating System",
    "Option ID": "G78MU35",
    "Option Name": "No Operating System",
    "Option List Price": 0.0,
    "SKUs": "611-BBBF",
    "Qty": 1.0,
    "Parent Order Code": NaN,
    "__row_index__": 37
  },
  {
    "Group Name": NaN,
    "Group ID": NaN,
    "Product Name": NaN,
    "Product Qty": NaN,
    "Unit Price (List)": NaN,
    "Extended Price (List)": NaN,
    "Module Name": "OS Media Kits",
    "Option ID": "GKH7AZI",
    "Option Name": "No Media Required",
    "Option List Price": 0.0,
    "SKUs": "605-BBFN",
    "Qty": 1.0,
    "Parent Order Code": NaN,
    "__row_index__": 38
  },
  {
    "Group Name": NaN,
    "Group ID": NaN,
    "Product Name": NaN,
    "Product Qty": NaN,
    "Unit Price (List)": NaN,
    "Extended Price (List)": NaN,
    "Module Name": "Dell Secure Onboarding",
    "Option ID": "GEZIN59",
    "Option Name": "Dell Secure Onboarding Client 17G - Disabled",
    "Option List Price": 0.0,
    "SKUs": "634-CZWJ",
    "Qty": 1.0,
    "Parent Order Code": NaN,
    "__row_index__": 39
  },
  {
    "Group Name": NaN,
    "Group ID": NaN,
    "Product Name": NaN,
    "Product Qty": NaN,
    "Unit Price (List)": NaN,
    "Extended Price (List)": NaN,
    "Module Name": "Rack Rails",
    "Option ID": "GG493AN",
    "Option Name": "ReadyRails Sliding Rails Without Cable Management Arm",
    "Option List Price": 124.0,
    "SKUs": "770-BDZP",
    "Qty": 1.0,
    "Parent Order Code": NaN,
    "__row_index__": 40
  },
  {
    "Group Name": NaN,
    "Group ID": NaN,
    "Product Name": NaN,
    "Product Qty": NaN,
    "Unit Price (List)": NaN,
    "Extended Price (List)": NaN,
    "Module Name": "KVM",
    "Option ID": "GRDXJM0",
    "Option Name": "Blank Left Ear Module",
    "Option List Price": 0.0,
    "SKUs": "350-BCYL",
    "Qty": 1.0,
    "Parent Order Code": NaN,
    "__row_index__": 41
  },
  {
    "Group Name": NaN,
    "Group ID": NaN,
    "Product Name": NaN,
    "Product Qty": NaN,
    "Unit Price (List)": NaN,
    "Extended Price (List)": NaN,
    "Module Name": "Shipping",
    "Option ID": "GOYN50J",
    "Option Name": "PowerEdge R770 Shipping EMEA1 (English/French/German/Spanish/Russian/Hebrew)",
    "Option List Price": 15.0,
    "SKUs": "340-DRWG, 340-DSDY",
    "Qty": 1.0,
    "Parent Order Code": NaN,
    "__row_index__": 42
  },
  {
    "Group Name": NaN,
    "Group ID": NaN,
    "Product Name": NaN,
    "Product Qty": NaN,
    "Unit Price (List)": NaN,
    "Extended Price (List)": NaN,
    "Module Name": "Shipping Material",
    "Option ID": "G6KFYLA",
    "Option Name": "PowerEdge 2U Shipping Material",
    "Option List Price": 75.0,
    "SKUs": "340-DPDX",
    "Qty": 1.0,
    "Parent Order Code": NaN,
    "__row_index__": 43
  },
  {
    "Group Name": NaN,
    "Group ID": NaN,
    "Product Name": NaN,
    "Product Qty": NaN,
    "Unit Price (List)": NaN,
    "Extended Price (List)": NaN,
    "Module Name": "Regulatory",
    "Option ID": "GOC6PGW",
    "Option Name": "PowerEdge No CCC, CE Label Marking",
    "Option List Price": 0.0,
    "SKUs": "389-FHJB",
    "Qty": 1.0,
    "Parent Order Code": NaN,
    "__row_index__": 44
  },
  {
    "Group Name": NaN,
    "Group ID": NaN,
    "Product Name": NaN,
    "Product Qty": NaN,
    "Unit Price (List)": NaN,
    "Extended Price (List)": NaN,
    "Module Name": "ECCN",
    "Option ID": "GRO1P6G",
    "Option Name": "Decline Selection",
    "Option List Price": 0.0,
    "SKUs": "817-BBBP",
    "Qty": 1.0,
    "Parent Order Code": NaN,
    "__row_index__": 45
  },
  {
    "Group Name": NaN,
    "Group ID": NaN,
    "Product Name": NaN,
    "Product Qty": NaN,
    "Unit Price (List)": NaN,
    "Extended Price (List)": NaN,
    "Module Name": "Dell Services: Hardware Support",
    "Option ID": "GH6SA5P",
    "Option Name": "Parts Only Warranty 12Months, 12 Month(s)",
    "Option List Price": 0.01,
    "SKUs": "709-BBIY",
    "Qty": 1.0,
    "Parent Order Code": NaN,
    "__row_index__": 46
  },
  {
    "Group Name": NaN,
    "Group ID": NaN,
    "Product Name": NaN,
    "Product Qty": NaN,
    "Unit Price (List)": NaN,
    "Extended Price (List)": NaN,
    "Module Name": "Dell Services:Extended Service",
    "Option ID": "G4ASPON",
    "Option Name": "ProSupport and Next Business Day Onsite Service, 36 Month(s)",
    "Option List Price": 4348.35,
    "SKUs": "865-BBLL, 865-BBLM",
    "Qty": 1.0,
    "Parent Order Code": NaN,
    "__row_index__": 47
  },
  {
    "Group Name": NaN,
    "Group ID": NaN,
    "Product Name": NaN,
    "Product Qty": NaN,
    "Unit Price (List)": NaN,
    "Extended Price (List)": NaN,
    "Module Name": "Anti Theft Device & Asset Tagging",
    "Option ID": "G2K1LTI",
    "Option Name": "Asset Tag - ProSupport (Website, barcode, Onboard MacAddress)",
    "Option List Price": 20.0,
    "SKUs": "293-10025",
    "Qty": 1.0,
    "Parent Order Code": NaN,
    "__row_index__": 48
  },
  {
    "Group Name": NaN,
    "Group ID": NaN,
    "Product Name": NaN,
    "Product Qty": NaN,
    "Unit Price (List)": NaN,
    "Extended Price (List)": NaN,
    "Module Name": "Shipping Box Labels - Standard",
    "Option ID": "GDZ0XTY",
    "Option Name": "Order Configuration Shipbox Label (Ship Date, Model, Processor Speed, HDD Size, RAM)",
    "Option List Price": 18.0,
    "SKUs": "293-10049",
    "Qty": 1.0,
    "Parent Order Code": NaN,
    "__row_index__": 49
  },
  {
    "Group Name": "Group 1",
    "Group ID": "6462871.1.1",
    "Product Name": "PowerEdge R570 - Full Configuration - [EMEA_R570] ",
    "Product Qty": 1.0,
    "Unit Price (List)": 35013.19,
    "Extended Price (List)": 35013.19,
    "Module Name": NaN,
    "Option ID": NaN,
    "Option Name": NaN,
    "Option List Price": NaN,
    "SKUs": NaN,
    "Qty": NaN,
    "Parent Order Code": NaN,
    "__row_index__": 50
  },
  {
    "Group Name": NaN,
    "Group ID": NaN,
    "Product Name": NaN,
    "Product Qty": NaN,
    "Unit Price (List)": NaN,
    "Extended Price (List)": NaN,
    "Module Name": "Base",
    "Option ID": "GNXI284",
    "Option Name": "PowerEdge R570 Server, Enterprise",
    "Option List Price": 3026.0,
    "SKUs": "210-BPCH",
    "Qty": 1.0,
    "Parent Order Code": NaN,
    "__row_index__": 51
  },
  {
    "Group Name": NaN,
    "Group ID": NaN,
    "Product Name": NaN,
    "Product Qty": NaN,
    "Unit Price (List)": NaN,
    "Extended Price (List)": NaN,
    "Module Name": "Chassis Configuration",
    "Option ID": "GB0O3UP",
    "Option Name": "3.5\" Chassis with up to 12 SAS4/SATA Drives, PERC 12 (H965i or H365i)",
    "Option List Price": 804.0,
    "SKUs": "321-BMCC",
    "Qty": 1.0,
    "Parent Order Code": NaN,
    "__row_index__": 52
  },
  {
    "Group Name": NaN,
    "Group ID": NaN,
    "Product Name": NaN,
    "Product Qty": NaN,
    "Unit Price (List)": NaN,
    "Extended Price (List)": NaN,
    "Module Name": "Processor",
    "Option ID": "GX7DJPN",
    "Option Name": "Intel® Xeon® 6 Performance 6511P 2.3G, 16C/32T, 72M Cache, Turbo, (150W) DDR5-6400",
    "Option List Price": 1999.0,
    "SKUs": "338-CTBM",
    "Qty": 1.0,
    "Parent Order Code": NaN,
    "__row_index__": 53
  },
  {
    "Group Name": NaN,
    "Group ID": NaN,
    "Product Name": NaN,
    "Product Qty": NaN,
    "Unit Price (List)": NaN,
    "Extended Price (List)": NaN,
    "Module Name": "Thermal Configuration",
    "Option ID": "GDH1GEY",
    "Option Name": "Heatsink for 1 CPU Configuration (CPU greater than 250W)",
    "Option List Price": 145.0,
    "SKUs": "412-BBMC",
    "Qty": 1.0,
    "Parent Order Code": NaN,
    "__row_index__": 54
  },
  {
    "Group Name": NaN,
    "Group ID": NaN,
    "Product Name": NaN,
    "Product Qty": NaN,
    "Unit Price (List)": NaN,
    "Extended Price (List)": NaN,
    "Module Name": "Memory Configuration Type",
    "Option ID": "GH9QBEI",
    "Option Name": "Performance Optimized",
    "Option List Price": 0.0,
    "SKUs": "370-AAIP",
    "Qty": 1.0,
    "Parent Order Code": NaN,
    "__row_index__": 55
  },
  {
    "Group Name": NaN,
    "Group ID": NaN,
    "Product Name": NaN,
    "Product Qty": NaN,
    "Unit Price (List)": NaN,
    "Extended Price (List)": NaN,
    "Module Name": "Memory DIMM Type and Speed",
    "Option ID": "GL7EXYA",
    "Option Name": "6400MT/s RDIMMs",
    "Option List Price": 0.0,
    "SKUs": "370-BCCX",
    "Qty": 1.0,
    "Parent Order Code": NaN,
    "__row_index__": 56
  },
  {
    "Group Name": NaN,
    "Group ID": NaN,
    "Product Name": NaN,
    "Product Qty": NaN,
    "Unit Price (List)": NaN,
    "Extended Price (List)": NaN,
    "Module Name": "Memory Capacity",
    "Option ID": "G3XFPTJ",
    "Option Name": "32GB RDIMM, 6400MT/s, Dual Rank",
    "Option List Price": 13536.0,
    "SKUs": "370-BCCY",
    "Qty": 8.0,
    "Parent Order Code": NaN,
    "__row_index__": 57
  },
  {
    "Group Name": NaN,
    "Group ID": NaN,
    "Product Name": NaN,
    "Product Qty": NaN,
    "Unit Price (List)": NaN,
    "Extended Price (List)": NaN,
    "Module Name": "RAID Configuration",
    "Option ID": "GOV1697",
    "Option Name": "C3, RAID 1 for 2 HDDs or SSDs (Matching Type/Speed/Capacity)",
    "Option List Price": 0.0,
    "SKUs": "780-BCDN",
    "Qty": 1.0,
    "Parent Order Code": NaN,
    "__row_index__": 58
  },
  {
    "Group Name": NaN,
    "Group ID": NaN,
    "Product Name": NaN,
    "Product Qty": NaN,
    "Unit Price (List)": NaN,
    "Extended Price (List)": NaN,
    "Module Name": "RAID/Internal Storage Controllers",
    "Option ID": "GIZE6KN",
    "Option Name": "PERC H365i Adapter Full Height",
    "Option List Price": 926.0,
    "SKUs": "405-BBDB",
    "Qty": 1.0,
    "Parent Order Code": NaN,
    "__row_index__": 59
  },
  {
    "Group Name": NaN,
    "Group ID": NaN,
    "Product Name": NaN,
    "Product Qty": NaN,
    "Unit Price (List)": NaN,
    "Extended Price (List)": NaN,
    "Module Name": "Hard Drives",
    "Option ID": "G48QICJ",
    "Option Name": "480GB SSD SATA Read Intensive 6Gbps 512e 2.5in Hot-plug AG Drive,3.5in HYB CARR, 1 DWPD",
    "Option List Price": 1788.0,
    "SKUs": "400-AXRJ",
    "Qty": 2.0,
    "Parent Order Code": NaN,
    "__row_index__": 60
  },
  {
    "Group Name": NaN,
    "Group ID": NaN,
    "Product Name": NaN,
    "Product Qty": NaN,
    "Unit Price (List)": NaN,
    "Extended Price (List)": NaN,
    "Module Name": "BIOS and Advanced System Configuration Settings",
    "Option ID": "GEARJ9V",
    "Option Name": "Power Saving BIOS Setting",
    "Option List Price": 0.0,
    "SKUs": "384-BBBH",
    "Qty": 1.0,
    "Parent Order Code": NaN,
    "__row_index__": 61
  },
  {
    "Group Name": NaN,
    "Group ID": NaN,
    "Product Name": NaN,
    "Product Qty": NaN,
    "Unit Price (List)": NaN,
    "Extended Price (List)": NaN,
    "Module Name": "Advanced System Configurations",
    "Option ID": "GSFTG4Y",
    "Option Name": "UEFI BIOS Boot Mode with GPT Partition",
    "Option List Price": 0.0,
    "SKUs": "800-BBDM",
    "Qty": 1.0,
    "Parent Order Code": NaN,
    "__row_index__": 62
  },
  {
    "Group Name": NaN,
    "Group ID": NaN,
    "Product Name": NaN,
    "Product Qty": NaN,
    "Unit Price (List)": NaN,
    "Extended Price (List)": NaN,
    "Module Name": "Fans",
    "Option ID": "GMNF9BE",
    "Option Name": "PowerEdge 2U High Performance Gold Fan",
    "Option List Price": 447.0,
    "SKUs": "384-BDQR",
    "Qty": 1.0,
    "Parent Order Code": NaN,
    "__row_index__": 63
  },
  {
    "Group Name": NaN,
    "Group ID": NaN,
    "Product Name": NaN,
    "Product Qty": NaN,
    "Unit Price (List)": NaN,
    "Extended Price (List)": NaN,
    "Module Name": "Power Supply",
    "Option ID": "GPT0Z4D",
    "Option Name": "Dual, Fully Redundant (1+1),Hot-Plug MHS Power Supply, 1500W MM (100-240Vac) Titanium",
    "Option List Price": 2294.0,
    "SKUs": "450-BCXC",
    "Qty": 1.0,
    "Parent Order Code": NaN,
    "__row_index__": 64
  },
  {
    "Group Name": NaN,
    "Group ID": NaN,
    "Product Name": NaN,
    "Product Qty": NaN,
    "Unit Price (List)": NaN,
    "Extended Price (List)": NaN,
    "Module Name": "Power Cords",
    "Option ID": "GDE0CHU",
    "Option Name": "Rack Power Cord 2M (C13/C14 10A)",
    "Option List Price": 50.0,
    "SKUs": "450-AADY",
    "Qty": 2.0,
    "Parent Order Code": NaN,
    "__row_index__": 65
  },
  {
    "Group Name": NaN,
    "Group ID": NaN,
    "Product Name": NaN,
    "Product Qty": NaN,
    "Unit Price (List)": NaN,
    "Extended Price (List)": NaN,
    "Module Name": "PCIe Riser",
    "Option ID": "GDUW7IY",
    "Option Name": "Riser Config 10, Rear Full Height 1x16 Onboard OCP, 1x16 FLOP OCP, 3x16 FH (Gen5)",
    "Option List Price": 1086.0,
    "SKUs": "330-BDFP",
    "Qty": 1.0,
    "Parent Order Code": NaN,
    "__row_index__": 66
  },
  {
    "Group Name": NaN,
    "Group ID": NaN,
    "Product Name": NaN,
    "Product Qty": NaN,
    "Unit Price (List)": NaN,
    "Extended Price (List)": NaN,
    "Module Name": "Motherboard",
    "Option ID": "GTV128M",
    "Option Name": "PowerEdge R570 Motherboard, ROW",
    "Option List Price": 0.0,
    "SKUs": "384-BDXZ",
    "Qty": 1.0,
    "Parent Order Code": NaN,
    "__row_index__": 67
  },
  {
    "Group Name": NaN,
    "Group ID": NaN,
    "Product Name": NaN,
    "Product Qty": NaN,
    "Unit Price (List)": NaN,
    "Extended Price (List)": NaN,
    "Module Name": "OCP 3.0 Accessories",
    "Option ID": "GDIOK4A",
    "Option Name": "2 OCP - No Cable",
    "Option List Price": 0.0,
    "SKUs": "780-BCZQ",
    "Qty": 1.0,
    "Parent Order Code": NaN,
    "__row_index__": 68
  },
  {
    "Group Name": NaN,
    "Group ID": NaN,
    "Product Name": NaN,
    "Product Qty": NaN,
    "Unit Price (List)": NaN,
    "Extended Price (List)": NaN,
    "Module Name": "External Controller",
    "Option ID": "GMA6R5U",
    "Option Name": "HBA465e Adapter Full Height DIB",
    "Option List Price": 1309.0,
    "SKUs": "405-BBDC",
    "Qty": 1.0,
    "Parent Order Code": NaN,
    "__row_index__": 69
  },
  {
    "Group Name": NaN,
    "Group ID": NaN,
    "Product Name": NaN,
    "Product Qty": NaN,
    "Unit Price (List)": NaN,
    "Extended Price (List)": NaN,
    "Module Name": "Bezel",
    "Option ID": "GPVC5TS",
    "Option Name": "No Bezel",
    "Option List Price": 0.0,
    "SKUs": "350-BBBW, 350-BDDF",
    "Qty": 1.0,
    "Parent Order Code": NaN,
    "__row_index__": 70
  },
  {
    "Group Name": NaN,
    "Group ID": NaN,
    "Product Name": NaN,
    "Product Qty": NaN,
    "Unit Price (List)": NaN,
    "Extended Price (List)": NaN,
    "Module Name": "Boot Optimized Storage Cards",
    "Option ID": "GVQU07E",
    "Option Name": "No BOSS card, Rear Blank",
    "Option List Price": 0.0,
    "SKUs": "470-BCHP",
    "Qty": 1.0,
    "Parent Order Code": NaN,
    "__row_index__": 71
  },
  {
    "Group Name": NaN,
    "Group ID": NaN,
    "Product Name": NaN,
    "Product Qty": NaN,
    "Unit Price (List)": NaN,
    "Extended Price (List)": NaN,
    "Module Name": "Operating System",
    "Option ID": "G78MU35",
    "Option Name": "No Operating System",
    "Option List Price": 0.0,
    "SKUs": "611-BBBF",
    "Qty": 1.0,
    "Parent Order Code": NaN,
    "__row_index__": 72
  },
  {
    "Group Name": NaN,
    "Group ID": NaN,
    "Product Name": NaN,
    "Product Qty": NaN,
    "Unit Price (List)": NaN,
    "Extended Price (List)": NaN,
    "Module Name": "OS Media Kits",
    "Option ID": "GKH7AZI",
    "Option Name": "No Media Required",
    "Option List Price": 0.0,
    "SKUs": "605-BBFN",
    "Qty": 1.0,
    "Parent Order Code": NaN,
    "__row_index__": 73
  },
  {
    "Group Name": NaN,
    "Group ID": NaN,
    "Product Name": NaN,
    "Product Qty": NaN,
    "Unit Price (List)": NaN,
    "Extended Price (List)": NaN,
    "Module Name": "Embedded Systems Management",
    "Option ID": "GO51DJW",
    "Option Name": "iDRAC10, Datacenter 17G",
    "Option List Price": 2553.0,
    "SKUs": "634-CSHS, 634-CSHT, 634-CSHV",
    "Qty": 1.0,
    "Parent Order Code": NaN,
    "__row_index__": 74
  },
  {
    "Group Name": NaN,
    "Group ID": NaN,
    "Product Name": NaN,
    "Product Qty": NaN,
    "Unit Price (List)": NaN,
    "Extended Price (List)": NaN,
    "Module Name": "Embedded Systems Management",
    "Option ID": "G2QT39O",
    "Option Name": "Dell Connectivity Client - Disabled 17G",
    "Option List Price": 0.0,
    "SKUs": "379-BFXT, 634-CZRP",
    "Qty": 1.0,
    "Parent Order Code": NaN,
    "__row_index__": 75
  },
  {
    "Group Name": NaN,
    "Group ID": NaN,
    "Product Name": NaN,
    "Product Qty": NaN,
    "Unit Price (List)": NaN,
    "Extended Price (List)": NaN,
    "Module Name": "Dell Secure Onboarding",
    "Option ID": "GEZIN59",
    "Option Name": "Dell Secure Onboarding Client 17G - Disabled",
    "Option List Price": 0.0,
    "SKUs": "634-CZWJ",
    "Qty": 1.0,
    "Parent Order Code": NaN,
    "__row_index__": 76
  },
  {
    "Group Name": NaN,
    "Group ID": NaN,
    "Product Name": NaN,
    "Product Qty": NaN,
    "Unit Price (List)": NaN,
    "Extended Price (List)": NaN,
    "Module Name": "KVM",
    "Option ID": "GGRSXB9",
    "Option Name": "Blank Left Ear Module",
    "Option List Price": 0.0,
    "SKUs": "350-BDDG",
    "Qty": 1.0,
    "Parent Order Code": NaN,
    "__row_index__": 77
  },
  {
    "Group Name": NaN,
    "Group ID": NaN,
    "Product Name": NaN,
    "Product Qty": NaN,
    "Unit Price (List)": NaN,
    "Extended Price (List)": NaN,
    "Module Name": "BMC Password",
    "Option ID": "GI1M6T9",
    "Option Name": "iDRAC Legacy Password for OCP cards",
    "Option List Price": 0.0,
    "SKUs": "379-BETF",
    "Qty": 1.0,
    "Parent Order Code": NaN,
    "__row_index__": 78
  },
  {
    "Group Name": NaN,
    "Group ID": NaN,
    "Product Name": NaN,
    "Product Qty": NaN,
    "Unit Price (List)": NaN,
    "Extended Price (List)": NaN,
    "Module Name": "Rack Rails",
    "Option ID": "GG493AN",
    "Option Name": "ReadyRails Sliding Rails Without Cable Management Arm",
    "Option List Price": 124.0,
    "SKUs": "770-BDZP",
    "Qty": 1.0,
    "Parent Order Code": NaN,
    "__row_index__": 79
  },
  {
    "Group Name": NaN,
    "Group ID": NaN,
    "Product Name": NaN,
    "Product Qty": NaN,
    "Unit Price (List)": NaN,
    "Extended Price (List)": NaN,
    "Module Name": "Shipping",
    "Option ID": "G8YI5Z2",
    "Option Name": "PowerEdge R570 Shipping EMEA1 (English/French/German/Spanish/Russian/Hebrew)",
    "Option List Price": 15.0,
    "SKUs": "340-DRWG, 340-DWNF",
    "Qty": 1.0,
    "Parent Order Code": NaN,
    "__row_index__": 80
  },
  {
    "Group Name": NaN,
    "Group ID": NaN,
    "Product Name": NaN,
    "Product Qty": NaN,
    "Unit Price (List)": NaN,
    "Extended Price (List)": NaN,
    "Module Name": "Shipping Material",
    "Option ID": "G6KFYLA",
    "Option Name": "PowerEdge 2U Shipping Material",
    "Option List Price": 75.0,
    "SKUs": "340-DPDX",
    "Qty": 1.0,
    "Parent Order Code": NaN,
    "__row_index__": 81
  },
  {
    "Group Name": NaN,
    "Group ID": NaN,
    "Product Name": NaN,
    "Product Qty": NaN,
    "Unit Price (List)": NaN,
    "Extended Price (List)": NaN,
    "Module Name": "Regulatory",
    "Option ID": "GOC6PGW",
    "Option Name": "PowerEdge No CCC, CE Label Marking",
    "Option List Price": 0.0,
    "SKUs": "389-FHJB",
    "Qty": 1.0,
    "Parent Order Code": NaN,
    "__row_index__": 82
  },
  {
    "Group Name": NaN,
    "Group ID": NaN,
    "Product Name": NaN,
    "Product Qty": NaN,
    "Unit Price (List)": NaN,
    "Extended Price (List)": NaN,
    "Module Name": "GPU/FPGA/Acceleration Cables",
    "Option ID": "G0PNZWL",
    "Option Name": "No Cables Required, No GPU Blanks",
    "Option List Price": 0.0,
    "SKUs": "470-AEYU",
    "Qty": 1.0,
    "Parent Order Code": NaN,
    "__row_index__": 83
  },
  {
    "Group Name": NaN,
    "Group ID": NaN,
    "Product Name": NaN,
    "Product Qty": NaN,
    "Unit Price (List)": NaN,
    "Extended Price (List)": NaN,
    "Module Name": "Multi Selection Network Adapter",
    "Option ID": "GAKY4CT",
    "Option Name": "Broadcom 57504 Quad Port 10/25GbE, SFP28, OCP 3.0 NIC",
    "Option List Price": 1648.0,
    "SKUs": "540-BCRX",
    "Qty": 2.0,
    "Parent Order Code": NaN,
    "__row_index__": 84
  },
  {
    "Group Name": NaN,
    "Group ID": NaN,
    "Product Name": NaN,
    "Product Qty": NaN,
    "Unit Price (List)": NaN,
    "Extended Price (List)": NaN,
    "Module Name": "SFP Modules (Multi)",
    "Option ID": "GU0B9PV",
    "Option Name": "Dell Networking, Cable, SFP28 to SFP28, 25GbE, Passive Copper Twinax Direct Attach Cable, 3 Meter",
    "Option List Price": 984.0,
    "SKUs": "470-ACEV",
    "Qty": 8.0,
    "Parent Order Code": NaN,
    "__row_index__": 85
  },
  {
    "Group Name": NaN,
    "Group ID": NaN,
    "Product Name": NaN,
    "Product Qty": NaN,
    "Unit Price (List)": NaN,
    "Extended Price (List)": NaN,
    "Module Name": "Cables",
    "Option ID": "GV6CUGB",
    "Option Name": "No DPUs Cable Required, No DPU",
    "Option List Price": 0.0,
    "SKUs": "470-AEYU",
    "Qty": 1.0,
    "Parent Order Code": NaN,
    "__row_index__": 86
  },
  {
    "Group Name": NaN,
    "Group ID": NaN,
    "Product Name": NaN,
    "Product Qty": NaN,
    "Unit Price (List)": NaN,
    "Extended Price (List)": NaN,
    "Module Name": "Dell Services: Hardware Support",
    "Option ID": "GF03X6K",
    "Option Name": "Parts Only Warranty 12Months, 12 Month(s)",
    "Option List Price": 0.01,
    "SKUs": "709-BBIX",
    "Qty": 1.0,
    "Parent Order Code": NaN,
    "__row_index__": 87
  },
  {
    "Group Name": NaN,
    "Group ID": NaN,
    "Product Name": NaN,
    "Product Qty": NaN,
    "Unit Price (List)": NaN,
    "Extended Price (List)": NaN,
    "Module Name": "Extended Service",
    "Option ID": "G4ASPON",
    "Option Name": "ProSupport and Next Business Day Onsite Service, 36 Month(s)",
    "Option List Price": 2166.18,
    "SKUs": "865-BBLL, 865-BBLM",
    "Qty": 1.0,
    "Parent Order Code": NaN,
    "__row_index__": 88
  },
  {
    "Group Name": NaN,
    "Group ID": NaN,
    "Product Name": NaN,
    "Product Qty": NaN,
    "Unit Price (List)": NaN,
    "Extended Price (List)": NaN,
    "Module Name": "Anti Theft Device & Asset Tagging",
    "Option ID": "G2K1LTI",
    "Option Name": "Asset Tag - ProSupport (Website, barcode, Onboard MacAddress)",
    "Option List Price": 20.0,
    "SKUs": "293-10025",
    "Qty": 1.0,
    "Parent Order Code": NaN,
    "__row_index__": 89
  },
  {
    "Group Name": NaN,
    "Group ID": NaN,
    "Product Name": NaN,
    "Product Qty": NaN,
    "Unit Price (List)": NaN,
    "Extended Price (List)": NaN,
    "Module Name": "Shipping Box Labels - Standard",
    "Option ID": "GDZ0XTY",
    "Option Name": "Order Configuration Shipbox Label (Ship Date, Model, Processor Speed, HDD Size, RAM)",
    "Option List Price": 18.0,
    "SKUs": "293-10049",
    "Qty": 1.0,
    "Parent Order Code": NaN,
    "__row_index__": 90
  },
  {
    "Group Name": "Group 1",
    "Group ID": "6462871.1.1",
    "Product Name": "Broadcom 57504 Quad Port 10/25GbE,SFP28, OCP NIC 3.0 Customer Install - [G0T2H1J] ",
    "Product Qty": 2.0,
    "Unit Price (List)": 1262.99,
    "Extended Price (List)": 2525.98,
    "Module Name": NaN,
    "Option ID": NaN,
    "Option Name": NaN,
    "Option List Price": NaN,
    "SKUs": NaN,
    "Qty": NaN,
    "Parent Order Code": NaN,
    "__row_index__": 91
  },
  {
    "Group Name": NaN,
    "Group ID": NaN,
    "Product Name": NaN,
    "Product Qty": NaN,
    "Unit Price (List)": NaN,
    "Extended Price (List)": NaN,
    "Module Name": NaN,
    "Option ID": "G0T2H1J",
    "Option Name": "Broadcom 57504 Quad Port 10/25GbE,SFP28, OCP NIC 3.0 Customer Install",
    "Option List Price": 1262.99,
    "SKUs": "540-BCRY",
    "Qty": 1.0,
    "Parent Order Code": NaN,
    "__row_index__": 92
  },
  {
    "Group Name": "Group 1",
    "Group ID": "6462871.1.1",
    "Product Name": "Single, Hot-Plug MHS Power Supply, 1500W,Titanium, Customer Kit - [GECKNJ2] ",
    "Product Qty": 4.0,
    "Unit Price (List)": 1048.99,
    "Extended Price (List)": 4195.96,
    "Module Name": NaN,
    "Option ID": NaN,
    "Option Name": NaN,
    "Option List Price": NaN,
    "SKUs": NaN,
    "Qty": NaN,
    "Parent Order Code": NaN,
    "__row_index__": 93
  },
  {
    "Group Name": NaN,
    "Group ID": NaN,
    "Product Name": NaN,
    "Product Qty": NaN,
    "Unit Price (List)": NaN,
    "Extended Price (List)": NaN,
    "Module Name": NaN,
    "Option ID": "GECKNJ2",
    "Option Name": "Single, Hot-Plug MHS Power Supply, 1500W,Titanium, Customer Kit",
    "Option List Price": 1048.99,
    "SKUs": "384-BDRL",
    "Qty": 1.0,
    "Parent Order Code": NaN,
    "__row_index__": 94
  },
  {
    "Group Name": "Group 1",
    "Group ID": "6462871.1.1",
    "Product Name": "800G Data Center NVMe Mixed Use AG Drive U2 with carrier, Customer Kit - [GBNR6MG] ",
    "Product Qty": 4.0,
    "Unit Price (List)": 2617.99,
    "Extended Price (List)": 10471.96,
    "Module Name": NaN,
    "Option ID": NaN,
    "Option Name": NaN,
    "Option List Price": NaN,
    "SKUs": NaN,
    "Qty": NaN,
    "Parent Order Code": NaN,
    "__row_index__": 95
  },
  {
    "Group Name": NaN,
    "Group ID": NaN,
    "Product Name": NaN,
    "Product Qty": NaN,
    "Unit Price (List)": NaN,
    "Extended Price (List)": NaN,
    "Module Name": NaN,
    "Option ID": "GBNR6MG",
    "Option Name": "800G Data Center NVMe Mixed Use AG Drive U2 with carrier, Customer Kit",
    "Option List Price": 2617.99,
    "SKUs": "345-BKBV",
    "Qty": 1.0,
    "Parent Order Code": NaN,
    "__row_index__": 96
  },
  {
    "Group Name": "Group 1",
    "Group ID": "6462871.1.1",
    "Product Name": "PERC H965i Controller, Front, DC-MHS, CK - [GJY2RPD] ",
    "Product Qty": 2.0,
    "Unit Price (List)": 2734.99,
    "Extended Price (List)": 5469.98,
    "Module Name": NaN,
    "Option ID": NaN,
    "Option Name": NaN,
    "Option List Price": NaN,
    "SKUs": NaN,
    "Qty": NaN,
    "Parent Order Code": NaN,
    "__row_index__": 97
  },
  {
    "Group Name": NaN,
    "Group ID": NaN,
    "Product Name": NaN,
    "Product Qty": NaN,
    "Unit Price (List)": NaN,
    "Extended Price (List)": NaN,
    "Module Name": NaN,
    "Option ID": "GJY2RPD",
    "Option Name": "PERC H965i Controller, Front, DCMHS, CK",
    "Option List Price": 2734.99,
    "SKUs": "403-BDMW",
    "Qty": 1.0,
    "Parent Order Code": NaN,
    "__row_index__": 98
  },
  {
    "Group Name": "Group 1",
    "Group ID": "6462871.1.1",
    "Product Name": "Intel® Xeon® 6 Performance 6737P 2.9G, 32C/64T, 24GT/s, 144M Cache, Turbo, (270W) DDR5-6400,Cust KIT - [GD7FALO] ",
    "Product Qty": 2.0,
    "Unit Price (List)": 10461.99,
    "Extended Price (List)": 20923.98,
    "Module Name": NaN,
    "Option ID": NaN,
    "Option Name": NaN,
    "Option List Price": NaN,
    "SKUs": NaN,
    "Qty": NaN,
    "Parent Order Code": NaN,
    "__row_index__": 99
  },
  {
    "Group Name": NaN,
    "Group ID": NaN,
    "Product Name": NaN,
    "Product Qty": NaN,
    "Unit Price (List)": NaN,
    "Extended Price (List)": NaN,
    "Module Name": NaN,
    "Option ID": "GD7FALO",
    "Option Name": "Intel Xeon 6 Performance 6737P 2.9G, 32C/64T, 24GT/s, 144M Cache, Turbo, (270W) DDR5-6400,Customer Install",
    "Option List Price": 10461.99,
    "SKUs": "338-CSZN",
    "Qty": 1.0,
    "Parent Order Code": NaN,
    "__row_index__": 100
  },
  {
    "Group Name": "Group 1",
    "Group ID": "6462871.1.1",
    "Product Name": "Intel® Xeon® 6 Performance 6511P 2.5G, 16C/32T, 72M Cache, Turbo, (150W) DDR5-6400,Cust KIT - [GZ37GYR] ",
    "Product Qty": 1.0,
    "Unit Price (List)": 1724.99,
    "Extended Price (List)": 1724.99,
    "Module Name": NaN,
    "Option ID": NaN,
    "Option Name": NaN,
    "Option List Price": NaN,
    "SKUs": NaN,
    "Qty": NaN,
    "Parent Order Code": NaN,
    "__row_index__": 101
  },
  {
    "Group Name": NaN,
    "Group ID": NaN,
    "Product Name": NaN,
    "Product Qty": NaN,
    "Unit Price (List)": NaN,
    "Extended Price (List)": NaN,
    "Module Name": NaN,
    "Option ID": "GZ37GYR",
    "Option Name": "Intel Xeon 6 Performance 6511P 2.5G, 16C/32T, 72M Cache, Turbo, (150W) DDR5-6400,Customer Install",
    "Option List Price": 1724.99,
    "SKUs": "338-CSZP",
    "Qty": 1.0,
    "Parent Order Code": NaN,
    "__row_index__": 102
  },
  {
    "Group Name": "Group 1",
    "Group ID": "6462871.1.1",
    "Product Name": "HBA465e Adapter Full Height/Low Profile, Customer Kit - [GYQJ98N] ",
    "Product Qty": 1.0,
    "Unit Price (List)": 2399.0,
    "Extended Price (List)": 2399.0,
    "Module Name": NaN,
    "Option ID": NaN,
    "Option Name": NaN,
    "Option List Price": NaN,
    "SKUs": NaN,
    "Qty": NaN,
    "Parent Order Code": NaN,
    "__row_index__": 103
  },
  {
    "Group Name": NaN,
    "Group ID": NaN,
    "Product Name": NaN,
    "Product Qty": NaN,
    "Unit Price (List)": NaN,
    "Extended Price (List)": NaN,
    "Module Name": NaN,
    "Option ID": "GYQJ98N",
    "Option Name": "HBA465e Adapter Full Height/Low Profile, CK",
    "Option List Price": 2399.0,
    "SKUs": "405-BBDD",
    "Qty": 1.0,
    "Parent Order Code": NaN,
    "__row_index__": 104
  },
  {
    "Group Name": "Group 1",
    "Group ID": "6462871.1.1",
    "Product Name": "SC Cable, SFP28 to SFP28, 25GbE, Passive Copper Twinax Direct Attach Cable, 3 Meter, Cus Kit - [GJW8VU2] ",
    "Product Qty": 8.0,
    "Unit Price (List)": 230.0,
    "Extended Price (List)": 1840.0,
    "Module Name": NaN,
    "Option ID": NaN,
    "Option Name": NaN,
    "Option List Price": NaN,
    "SKUs": NaN,
    "Qty": NaN,
    "Parent Order Code": NaN,
    "__row_index__": 105
  },
  {
    "Group Name": NaN,
    "Group ID": NaN,
    "Product Name": NaN,
    "Product Qty": NaN,
    "Unit Price (List)": NaN,
    "Extended Price (List)": NaN,
    "Module Name": NaN,
    "Option ID": "GJW8VU2",
    "Option Name": "SC Cable, SFP28 to SFP28, 25GbE, Passive Copper Twinax Direct Attach Cable, 3 Meter, Cus Kit",
    "Option List Price": 230.0,
    "SKUs": "470-ADDO",
    "Qty": 1.0,
    "Parent Order Code": NaN,
    "__row_index__": 106
  },
  {
    "Group Name": NaN,
    "Group ID": NaN,
    "Product Name": NaN,
    "Product Qty": NaN,
    "Unit Price (List)": NaN,
    "Extended Price (List)": NaN,
    "Module Name": NaN,
    "Option ID": NaN,
    "Option Name": NaN,
    "Option List Price": NaN,
    "SKUs": NaN,
    "Qty": NaN,
    "Parent Order Code": NaN,
    "__row_index__": 107
  },
  {
    "Group Name": NaN,
    "Group ID": NaN,
    "Product Name": NaN,
    "Product Qty": NaN,
    "Unit Price (List)": NaN,
    "Extended Price (List)": NaN,
    "Module Name": NaN,
    "Option ID": NaN,
    "Option Name": NaN,
    "Option List Price": NaN,
    "SKUs": NaN,
    "Qty": NaN,
    "Parent Order Code": NaN,
    "__row_index__": 108
  },
  {
    "Group Name": NaN,
    "Group ID": NaN,
    "Product Name": NaN,
    "Product Qty": NaN,
    "Unit Price (List)": NaN,
    "Extended Price (List)": NaN,
    "Module Name": NaN,
    "Option ID": NaN,
    "Option Name": NaN,
    "Option List Price": NaN,
    "SKUs": NaN,
    "Qty": NaN,
    "Parent Order Code": NaN,
    "__row_index__": 109
  }
]