{
  "total_rows": 102,
  "header_rows_count": 13,
  "item_rows_count": 89,
  "entity_type_counts": {
    "BASE": 2,
    "HW": 40,
    "CONFIG": 14,
    "SOFTWARE": 12,
    "LOGISTIC": 13,
    "NOTE": 2,
    "SERVICE": 6
  },
  "state_counts": {
    "PRESENT": 68,
    "ABSENT": 17,
    "DISABLED": 4
  },
  "unknown_count": 0,
  "rules_stats": {
    "HEADER-SKIP": 13,
    "BASE-001": 2,
    "HW-001": 2,
    "HW-002": 22,
    "CONFIG-001": 10,
    "SOFTWARE-001": 4,
    "LOGISTIC-004-CORD": 2,
    "NOTE-002": 2,
    "HW-OPTICS-001": 3,
    "CONFIG-NOCABLE-001": 2,
    "SOFTWARE-004": 2,
    "CONFIG-NOGPU-001": 2,
    "HW-NOBOSS-BLANK-001": 2,
    "SOFTWARE-003": 4,
    "SOFTWARE-002": 2,
    "HW-003": 4,
    "LOGISTIC-001": 9,
    "SERVICE-001": 4,
    "SERVICE-004": 2,
    "HW-008-HBA-PERC-CUS": 3,
    "LOGISTIC-005-SFP-CABLE": 2,
    "HW-006-PSU-CUS": 1,
    "HW-005-STORAGE-CUS": 1,
    "HW-009-CPU-CUS": 2
  },
  "device_type_counts": {
    "power_cord": 2,
    "raid_controller": 2,
    "hba": 2,
    "sfp_cable": 2,
    "nic": 1,
    "psu": 1,
    "storage_nvme": 1,
    "cpu": 2
  },
  "hw_type_counts": {
    "chassis": 4,
    "cpu": 5,
    "cpu_heatsink": 2,
    "ram": 2,
    "storage_controller": 5,
    "blank": 5,
    "nvme": 2,
    "fan": 2,
    "psu": 3,
    "riser": 2,
    "network_adapter": 3,
    "cable": 2,
    "mounting_kit": 2,
    "ssd": 1
  },
  "hw_type_null_count": 0,
  "rules_file_hash": "b76261efc71a48d6669bceacf784095824504e948de8f30756b43561fd75e032"
}